---====Auto Subscribe Sarah details Approves
INSERT INTO subscriptions (org_id,business_name,business_address,city,subscription_type_id,country_id,number_of_employees,telephone,primary_contact,job_title,primary_email,confirm_email) VALUES
(0,'Sarah Gacii','123456','Nairobi',2,'KE',5,'0712654987','Sarah Gacii','Landlord','sgacii@gmail.com','sgacii@gmail.com');

---=========Function Trigger to create sarah records--=====================================
CREATE OR REPLACE FUNCTION sarah_details() RETURNS trigger AS $$
DECLARE
	v_org_id					integer;
	v_property_type_id			integer;
	v_landlord_id				integer;
	v_property_id_a				integer;
	v_property_id_b				integer;
	v_unit_type_id				integer;
	v_status				    varchar(50);
	msg  					    varchar(120);
BEGIN
	SELECT approve_status INTO v_status
	FROM subscriptions
	WHERE business_name = 'Sarah Gacii';

	IF (v_status = 'Approved')THEN
		----get sarah org id
		SELECT org_id INTO v_org_id 
		FROM orgs
		WHERE org_name='Sarah Gacii';

		----property type id
		SELECT property_type_id INTO v_property_type_id
		FROM property_types
		WHERE org_id = v_org_id AND  property_type_name = 'Apartments';

		---get sarah landlord id
		SELECT landlord_id INTO v_landlord_id
		FROM landlord
		WHERE org_id = v_org_id;

		----======INSERT PROPERTY =====
		INSERT INTO property(org_id, property_type_id, landlord_id, property_trxs_type_id, property_name,is_active) VALUES
			(v_org_id,v_property_type_id,v_landlord_id,1,'BLOCK A',true),
			(v_org_id,v_property_type_id,v_landlord_id,1,'BLOCK B',true);

		---get property id BLOCK A
		SELECT property_id INTO v_property_id_a
		FROM property
		WHERE org_id = v_org_id AND property_trxs_type_id = 1 AND property_name ='BLOCK A';

		---get property id BLOCK B
		SELECT property_id INTO v_property_id_b
		FROM property
		WHERE org_id = v_org_id AND property_trxs_type_id = 1 AND property_name ='BLOCK B';

		---get unit id for bedsitter
		SELECT unit_type_id INTO v_unit_type_id
		FROM unit_types
		WHERE org_id = v_org_id AND unit_type_name = 'Bedsitter';

		----====== UNITS =====
		--BLOCK A
		INSERT INTO units(unit_id,property_id,unit_type_id,org_id,unit_name,is_vacant,multiple_tenancy,rental_value,service_fees) VALUES
			(5,v_property_id_a,v_unit_type_id,v_org_id,'G1',true,false,10000,100),
			(6,v_property_id_a,v_unit_type_id,v_org_id,'G2',true,false,0,0),
			(7,v_property_id_a,v_unit_type_id,v_org_id,'G3',true,false,9000,100),
			(8,v_property_id_a,v_unit_type_id,v_org_id,'G4',true,false,9000,100),
			(9,v_property_id_a,v_unit_type_id,v_org_id,'G5',true,false,10000,100),
			(10,v_property_id_a,v_unit_type_id,v_org_id,'G6',true,false,10000,100),
			(11,v_property_id_a,v_unit_type_id,v_org_id,'G7',true,false,0,0),
			(12,v_property_id_a,v_unit_type_id,v_org_id,'G8',true,false,10000,100),
			(13,v_property_id_a,v_unit_type_id,v_org_id,'G9',true,false,10000,100),
			(14,v_property_id_a,v_unit_type_id,v_org_id,'G10',true,false,10000,100),
			(15,v_property_id_a,v_unit_type_id,v_org_id,'A1.1',true,false,12000,100),
			(16,v_property_id_a,v_unit_type_id,v_org_id,'A1.2',true,false,12000,100),
			(17,v_property_id_a,v_unit_type_id,v_org_id,'A1.3',true,false,10000,100),
			(18,v_property_id_a,v_unit_type_id,v_org_id,'A1.4',true,false,10000,100),
			(19,v_property_id_a,v_unit_type_id,v_org_id,'A1.5',true,false,9000,100),
			(20,v_property_id_a,v_unit_type_id,v_org_id,'A1.6',true,false,10000,100),
			(21,v_property_id_a,v_unit_type_id,v_org_id,'A1.7',true,false,12000,100),
			(22,v_property_id_a,v_unit_type_id,v_org_id,'A1.8',true,false,12000,100),
			(23,v_property_id_a,v_unit_type_id,v_org_id,'A1.9',true,false,10000,100),
			(24,v_property_id_a,v_unit_type_id,v_org_id,'A1.10',true,false,10000,100),
			(25,v_property_id_a,v_unit_type_id,v_org_id,'A1.11',true,false,10000,100),
			(26,v_property_id_a,v_unit_type_id,v_org_id,'A1.12',true,false,10000,100),
			(27,v_property_id_a,v_unit_type_id,v_org_id,'A1.13',true,false,12000,100),
			(28,v_property_id_a,v_unit_type_id,v_org_id,'A2.1',true,false,12000,100),
			(29,v_property_id_a,v_unit_type_id,v_org_id,'A2.2',true,false,11000,100),
			(30,v_property_id_a,v_unit_type_id,v_org_id,'A2.3',true,false,10000,100),
			(31,v_property_id_a,v_unit_type_id,v_org_id,'A2.4',true,false,10000,100),
			(32,v_property_id_a,v_unit_type_id,v_org_id,'A2.5',true,false,10000,100),
			(33,v_property_id_a,v_unit_type_id,v_org_id,'A2.6',true,false,10000,100),
			(34,v_property_id_a,v_unit_type_id,v_org_id,'A2.7',true,false,10000,100),
			(35,v_property_id_a,v_unit_type_id,v_org_id,'A2.8',true,false,10000,100),
			(36,v_property_id_a,v_unit_type_id,v_org_id,'A2.9',true,false,10000,100),
			(37,v_property_id_a,v_unit_type_id,v_org_id,'A2.10',true,false,10000,100),
			(38,v_property_id_a,v_unit_type_id,v_org_id,'A2.11',true,false,10000,100),
			(39,v_property_id_a,v_unit_type_id,v_org_id,'A2.12',true,false,10000,100),
			(40,v_property_id_a,v_unit_type_id,v_org_id,'A2.13',true,false,12000,100),
			(41,v_property_id_a,v_unit_type_id,v_org_id,'A3.1',true,false,11000,100),
			(42,v_property_id_a,v_unit_type_id,v_org_id,'A3.2',true,false,11000,100),
			(43,v_property_id_a,v_unit_type_id,v_org_id,'A3.3',true,false,10000,100),
			(44,v_property_id_a,v_unit_type_id,v_org_id,'A3.4',true,false,10000,100),
			(45,v_property_id_a,v_unit_type_id,v_org_id,'A3.5',true,false,10000,100),
			(46,v_property_id_a,v_unit_type_id,v_org_id,'A3.6',true,false,10000,100),
			(47,v_property_id_a,v_unit_type_id,v_org_id,'A3.7',true,false,10000,100),
			(48,v_property_id_a,v_unit_type_id,v_org_id,'A3.8',true,false,10000,100),
			(49,v_property_id_a,v_unit_type_id,v_org_id,'A3.9',true,false,10000,100),
			(50,v_property_id_a,v_unit_type_id,v_org_id,'A3.10',true,false,10000,100),
			(51,v_property_id_a,v_unit_type_id,v_org_id,'A3.11',true,false,10000,100),
			(52,v_property_id_a,v_unit_type_id,v_org_id,'A3.12',true,false,10000,100),
			(53,v_property_id_a,v_unit_type_id,v_org_id,'A3.13',true,false,10000,100),
			(54,v_property_id_a,v_unit_type_id,v_org_id,'A4.1',true,false,10000,100),
			(55,v_property_id_a,v_unit_type_id,v_org_id,'A4.2',true,false,10000,100),
			(56,v_property_id_a,v_unit_type_id,v_org_id,'A4.3',true,false,10000,100),
			(57,v_property_id_a,v_unit_type_id,v_org_id,'A4.4',true,false,10000,100),
			(58,v_property_id_a,v_unit_type_id,v_org_id,'A4.5',true,false,9000,100),
			(59,v_property_id_a,v_unit_type_id,v_org_id,'A4.6',true,false,10000,100),
			(60,v_property_id_a,v_unit_type_id,v_org_id,'A4.7',true,false,11000,100),
			(61,v_property_id_a,v_unit_type_id,v_org_id,'A4.8',true,false,11000,100),
			(62,v_property_id_a,v_unit_type_id,v_org_id,'A4.9',true,false,10000,100),
			(63,v_property_id_a,v_unit_type_id,v_org_id,'A4.10',true,false,10000,100),
			(64,v_property_id_a,v_unit_type_id,v_org_id,'A4.11',true,false,10000,100),
			(65,v_property_id_a,v_unit_type_id,v_org_id,'A4.12',true,false,10000,100),
			(66,v_property_id_a,v_unit_type_id,v_org_id,'A4.13',true,false,12000,100),
			--BLOCK B
			(67,v_property_id_b,v_unit_type_id,v_org_id,'LG1',true,false,10000,100),
			(68,v_property_id_b,v_unit_type_id,v_org_id,'LG2',true,false,10000,100),
			(69,v_property_id_b,v_unit_type_id,v_org_id,'LG3',true,false,9000,100),
			(70,v_property_id_b,v_unit_type_id,v_org_id,'LG4',true,false,9000,100),
			(71,v_property_id_b,v_unit_type_id,v_org_id,'LG5',true,false,10000,100),
			(72,v_property_id_b,v_unit_type_id,v_org_id,'LG6',true,false,10000,100),
			(73,v_property_id_b,v_unit_type_id,v_org_id,'LG7',true,false,9000,100),
			(74,v_property_id_b,v_unit_type_id,v_org_id,'LG8',true,false,0,0),
			(75,v_property_id_b,v_unit_type_id,v_org_id,'LG9',true,false,10000,100),
			(76,v_property_id_b,v_unit_type_id,v_org_id,'LG10',true,false,10000,100),
			(77,v_property_id_b,v_unit_type_id,v_org_id,'LG11',true,false,10000,100),
			(78,v_property_id_b,v_unit_type_id,v_org_id,'G1',true,false,12000,100),
			(79,v_property_id_b,v_unit_type_id,v_org_id,'G2',true,false,8000,100),
			(80,v_property_id_b,v_unit_type_id,v_org_id,'G3',true,false,8000,100),
			(81,v_property_id_b,v_unit_type_id,v_org_id,'G4',true,false,10000,100),
			(82,v_property_id_b,v_unit_type_id,v_org_id,'G5',true,false,9000,100),
			(83,v_property_id_b,v_unit_type_id,v_org_id,'G6',true,false,8000,100),
			(84,v_property_id_b,v_unit_type_id,v_org_id,'G7',true,false,11000,100),
			(85,v_property_id_b,v_unit_type_id,v_org_id,'G8',true,false,10000,100),
			(86,v_property_id_b,v_unit_type_id,v_org_id,'G9',true,false,10000,100),
			(87,v_property_id_b,v_unit_type_id,v_org_id,'G10',true,false,10000,100),
			(88,v_property_id_b,v_unit_type_id,v_org_id,'G11',true,false,10000,100),
			(89,v_property_id_b,v_unit_type_id,v_org_id,'G12',true,false,11000,100),
			(90,v_property_id_b,v_unit_type_id,v_org_id,'G13',true,false,11000,100),
			(91,v_property_id_b,v_unit_type_id,v_org_id,'B1.1',true,false,8000,100),
			(92,v_property_id_b,v_unit_type_id,v_org_id,'B1.2',true,false,9000,100),
			(93,v_property_id_b,v_unit_type_id,v_org_id,'B1.3',true,false,8000,100),
			(94,v_property_id_b,v_unit_type_id,v_org_id,'B1.4',true,false,9000,100),
			(95,v_property_id_b,v_unit_type_id,v_org_id,'B1.5',true,false,10000,100),
			(96,v_property_id_b,v_unit_type_id,v_org_id,'B1.6',true,false,8000,100),
			(97,v_property_id_b,v_unit_type_id,v_org_id,'B1.7',true,false,0,0),
			(98,v_property_id_b,v_unit_type_id,v_org_id,'B1.8',true,false,9000,100),
			(99,v_property_id_b,v_unit_type_id,v_org_id,'B1.9',true,false,9000,100),
			(100,v_property_id_b,v_unit_type_id,v_org_id,'B1.10',true,false,10000,100),
			(101,v_property_id_b,v_unit_type_id,v_org_id,'B1.11',true,false,10000,100),
			(102,v_property_id_b,v_unit_type_id,v_org_id,'B1.12',true,false,8000,100),
			(103,v_property_id_b,v_unit_type_id,v_org_id,'B1.13',true,false,12000,100),
			(104,v_property_id_b,v_unit_type_id,v_org_id,'B2.1',true,false,8000,100),
			(105,v_property_id_b,v_unit_type_id,v_org_id,'B2.3',true,false,9000,100),
			(106,v_property_id_b,v_unit_type_id,v_org_id,'B2.4',true,false,10000,100),
			(107,v_property_id_b,v_unit_type_id,v_org_id,'B2.5',true,false,8000,100),
			(108,v_property_id_b,v_unit_type_id,v_org_id,'B2.6',true,false,9000,100),
			(109,v_property_id_b,v_unit_type_id,v_org_id,'B2.7',true,false,9000,100),
			(110,v_property_id_b,v_unit_type_id,v_org_id,'B2.8',true,false,10000,100),
			(111,v_property_id_b,v_unit_type_id,v_org_id,'B2.9',true,false,10000,100),
			(112,v_property_id_b,v_unit_type_id,v_org_id,'B2.10',true,false,10000,100),
			(113,v_property_id_b,v_unit_type_id,v_org_id,'B2.11',true,false,8000,100),
			(114,v_property_id_b,v_unit_type_id,v_org_id,'B2.12',true,false,9000,100),
			(115,v_property_id_b,v_unit_type_id,v_org_id,'B2.13',true,false,11000,100),
			(116,v_property_id_b,v_unit_type_id,v_org_id,'B3.1',true,false,9000,100),
			(117,v_property_id_b,v_unit_type_id,v_org_id,'B3.2',true,false,9000,100),
			(118,v_property_id_b,v_unit_type_id,v_org_id,'B3.3',true,false,10000,100),
			(119,v_property_id_b,v_unit_type_id,v_org_id,'B3.4',true,false,9000,100),
			(120,v_property_id_b,v_unit_type_id,v_org_id,'B3.5',true,false,9000,100),
			(121,v_property_id_b,v_unit_type_id,v_org_id,'B3.6',true,false,9000,100),
			(122,v_property_id_b,v_unit_type_id,v_org_id,'B3.7',true,false,8000,100),
			(123,v_property_id_b,v_unit_type_id,v_org_id,'B3.8',true,false,10000,100),
			(124,v_property_id_b,v_unit_type_id,v_org_id,'B3.9',true,false,10000,100),
			(125,v_property_id_b,v_unit_type_id,v_org_id,'B3.10',true,false,9000,100),
			(126,v_property_id_b,v_unit_type_id,v_org_id,'B3.11',true,false,10000,100),
			(127,v_property_id_b,v_unit_type_id,v_org_id,'B3.12',true,false,9000,100),
			(128,v_property_id_b,v_unit_type_id,v_org_id,'B3.13',true,false,10000,100),
			(129,v_property_id_b,v_unit_type_id,v_org_id,'B4.1',true,false,10000,100),
			(130,v_property_id_b,v_unit_type_id,v_org_id,'B4.2',true,false,9000,100),
			(131,v_property_id_b,v_unit_type_id,v_org_id,'B4.3',true,false,10000,100),
			(132,v_property_id_b,v_unit_type_id,v_org_id,'B4.4',true,false,9000,100),
			(133,v_property_id_b,v_unit_type_id,v_org_id,'B4.5',true,false,9000,100),
			(134,v_property_id_b,v_unit_type_id,v_org_id,'B4.6',true,false,9000,100),
			(135,v_property_id_b,v_unit_type_id,v_org_id,'B4.7',true,false,9000,100),
			(136,v_property_id_b,v_unit_type_id,v_org_id,'B4.8',true,false,10000,100),
			(137,v_property_id_b,v_unit_type_id,v_org_id,'B4.9',true,false,9000,100),
			(138,v_property_id_b,v_unit_type_id,v_org_id,'B4.10',true,false,10000,100),
			(139,v_property_id_b,v_unit_type_id,v_org_id,'B4.11',true,false,10000,100),
			(140,v_property_id_b,v_unit_type_id,v_org_id,'B4.12',true,false,10000,100),
			(141,v_property_id_b,v_unit_type_id,v_org_id,'B4.13',true,false,10000,100);

			

		--================= tenants======
		INSERT INTO tenants(tenant_id,org_id,tenant_name,telephone_number,tenant_email,is_active,terminated,nationality) VALUES
			(10,v_org_id,'Mercy Wangechi Wachira','0707805446','mercywachira81@yahoo.com',true,false,'KE'),
			(11,v_org_id,'Dolly Kianira','0702239536','dollykianira@gmail.com',true,false,'KE'),
			(12,v_org_id,'Michael Kipsang','0723393114','main@kipsang.com',true,false,'KE'),
			(13,v_org_id,'Natasha Bwire','0795147212','natashabwire13@gmail.com',true,false,'KE'),
			(14,v_org_id,'Denis Kirimi Mwirigi','0713276783','mwirigi.denis@gmail.com',true,false,'KE'),
			(15,v_org_id,'Winnie Murundi','0705567212','trizarmbae@gmail.com',true,false,'KE'),
			(16,v_org_id,'Maureen Waithaka','0725940514','waithaka.m7@gmail.com',true,false,'KE'),
			(17,v_org_id,'Oscar Lukose','0716145146','lukoska.ol@gmail.com',true,false,'KE'),
			(18,v_org_id,'Michael Obondi','0701099670','michaellobondi@gmail.com',true,false,'KE'),
			(19,v_org_id,'Jack Mwangi','0710309919','mureithijack@gmail.com',true,false,'KE'),
			(20,v_org_id,'Joy Gichohi','0713261396','joygich4@gmail.com',true,false,'KE'),
			(21,v_org_id,'Felister  Saka Kombo','0727255651',' ',true,false,'KE'),
			(22,v_org_id,'Biraji Bhudia','0725075453','birajbh@gmail.com',true,false,'KE'),
			(23,v_org_id,'Abulwa Maurine Ambayi','0713779011','maurineambayi@gmail.com',true,false,'KE'),
			(24,v_org_id,'Wayne Mwangi','0702992012','mwangiwayne@gmail.com',true,false,'KE'),
			(25,v_org_id,'Stephen Orina','0727664143','stevenarioz@gmail.com',true,false,'KE'),
			(26,v_org_id,'Edwin Matere','0725484688','edwinmatere@gmail.com',true,false,'KE'),
			(27,v_org_id,'Joseph Mwangi','0712491081',' ',true,false,'KE'),
			(28,v_org_id,'Catherine Juma','0713942061',' ',true,false,'KE'),
			(29,v_org_id,'Jadline Gathoni','0712407723','jadlinegathoni@gmail.com',true,false,'KE'),
			(30,v_org_id,'Pauline Wairimu','0720297721','blesslinah@yahoo.com',true,false,'KE'),
			(31,v_org_id,'Ezra Mutuma Kiria','0721328123','mutumaezra@yahoo.com',true,false,'KE'),
			(32,v_org_id,'Elizabeth Mwende Mwendwa','0725469074','engmwendwa@gmail.com',true,false,'KE'),
			(33,v_org_id,'Felister Orangi','0707508834','felistero@gmail.com',true,false,'KE'),
			(34,v_org_id,'Selina Kiptogoch','0713953705',' ',true,false,'KE'),
			(35,v_org_id,'Esther Wangari Muuri','0706202291','esteldavids@gmail.com',true,false,'KE'),
			(36,v_org_id,'Leonard Matongo Moragia','0720803894','matongomoragia@gmail.com',true,false,'KE'),
			(37,v_org_id,'Allan Mungai','0700593585','ianzmungai7@gmail.com',true,false,'KE'),
			(38,v_org_id,'Racheal Karuga','0712004386','shikokaruga@gmail.com',true,false,'KE'),
			(39,v_org_id,'Nkechi Akah','0791484068','nkechi.akah@unn.edu.ng',true,false,'KE'),
			(40,v_org_id,'Alice Njunge','0715102037','aliciashiro8@gmail.com',true,false,'KE'),
			(41,v_org_id,'Power Mukisa','0792650752','powermukisa@gmail.com',true,false,'KE'),
			(42,v_org_id,'Collins Njathi','0724784816','mcnjathi@gmail.com',true,false,'KE'),
			(43,v_org_id,'Jeff Obongo (Moved from Block B in April)','0724482663','jeffdavies306@gmail.com',true,false,'KE'),
			(44,v_org_id,'Michael Mukima','0716223118','micmukima@gmail.com',true,false,'KE'),
			(45,v_org_id,'Fenny',' ',' ',true,false,'KE'),
			(46,v_org_id,'Gibson  Ngene','0789856072','gngene959@yahoo.com',true,false,'KE'),
			(47,v_org_id,'Job Onyango','0726690106','mondohjob@gmail.com',true,false,'KE'),
			(48,v_org_id,'Beryl Jimbo/ Atieno Onyango','0790285053','jimboberyl@gmail.com',true,false,'KE'),
			(49,v_org_id,'Cliff Kipkorir','0725332644','chirchircliff@yahoo.com',true,false,'KE'),
			(50,v_org_id,'Isaac Murage','0723542771',' ',true,false,'KE'),
			(51,v_org_id,'Susan Okisa','0704002591','mayanta88@gmail.com',true,false,'KE'),
			(52,v_org_id,'David Mbiti','0704949894','kavyu111@gmail.com',true,false,'KE'),
			(53,v_org_id,'Wilfred Ngare','0722581007','olivercollinsio@gmail.com',true,false,'KE'),
			(54,v_org_id,'Lilian Anyango','0721580879','lillienouta@yahoo.com',true,false,'KE'),
			(55,v_org_id,'Saleef Nyambok','0700000166','nsaleef@gmail.com',true,false,'KE'),
			(56,v_org_id,'Elizabeth Wanjiru Ndonga','0720913499','ewndonga@yahoo.com',true,false,'KE'),
			(57,v_org_id,'Fredrick Nyakwar','0711454703',' ',true,false,'KE'),
			(58,v_org_id,'Antony Lisaka','0726374773','antonionlisk@gmail.com',true,false,'KE'),
			(59,v_org_id,'Mercy Ruto','0707673825','mercyruto94@gmail.com',true,false,'KE'),
			(60,v_org_id,'Brian Gachoka Warugu','0719766714','bgwarugu@gmail.com',true,false,'KE'),
			(61,v_org_id,'Jeannete Nasimiyu Munialo','0726416057','jeanettemunialo@gmail.com',true,false,'KE'),
			(62,v_org_id,'Bedan Roy Karanja','0728268631','rkwachaga@gmail.com',true,false,'KE'),
			(63,v_org_id,'Lenon Nyaundi','0722654842','afridatabusiness@gmail.com',true,false,'KE'),
			(64,v_org_id,'Joan Cheptoo','0720132449','joancheptoo27@gmail.com',true,false,'KE'),
			(65,v_org_id,'Irma Taka Misiko','0701223136','irmatakah8@gmail.com',true,false,'KE'),
			(66,v_org_id,'Eric Mwangi','0713171232','ericmwangiprof@gmail.com',true,false,'KE'),

			(67,v_org_id,'Eric Gitonga','0722615937','ericricg@gmail.com',true,false,'KE'),
			(68,v_org_id,'John Jumwa','0700438700','johnjumwa@gmail.com',true,false,'KE'),
			(69,v_org_id,'Shirley Mwombe','0706905986','smwombe@gmail.com',true,false,'KE'),
			(70,v_org_id,'Sharon Syovata','0711477390','elsharon90@gmail.com',true,false,'KE'),
			(71,v_org_id,'Kaimuri Munene','0735322688','kaimuri.munene@gmail.com',true,false,'KE'),
			(72,v_org_id,'Chris Mariuko','0798772494',' ',true,false,'KE'),
			(73,v_org_id,'Esther Akoko','0701780546',' ',true,false,'KE'),
			(74,v_org_id,'Anne Wanyiru Muiruri','0718284640',' ',true,false,'KE'),
			(75,v_org_id,'Accadius Lunayo','0720060320','accadslunayo@yahoo.com',true,false,'KE'),
			(76,v_org_id,'Monica Ogetange','0735640117','moniqueoge@gmail.com',true,false,'KE'),
			(77,v_org_id,'Verolyne Isutsa','0713566320','verolyneisutsa@gmail.com',true,false,'KE'),
			(78,v_org_id,'Carol Wambui Kinaga','0710768029','cwkinaga@gmail.com',true,false,'KE'),
			(79,v_org_id,'Meshack Oriama','0729217964',' ',true,false,'KE'),
			(80,v_org_id,'Chelagat Lelei','0708672195',' ',true,false,'KE'),
			(81,v_org_id,'Jeniffer Kerubo','0723330221','jenana.kerubo@gmail.com',true,false,'KE'),
			(82,v_org_id,'Edwin Oyaro Mariita','0727974147','edmariita@gmail.com',true,false,'KE'),
			(83,v_org_id,'Marget Wangui Wakanyi','0708072012','coeymaggie99@yahoo.com',true,false,'KE'),
			(84,v_org_id,'Mercy Wachira ','0707805446',' ',true,false,'KE'),
			(85,v_org_id,'Edwin Mwangi','0792961537','edwinkimani789@gmail.com',true,false,'KE'),
			(86,v_org_id,'Job Ndiwa Chemwotei','0734606912','chemwoteindiwa@gmail.com',true,false,'KE'),
			(87,v_org_id,'Francis King`oo','0723449338','castonmercy@gmail.com',true,false,'KE'),
			(88,v_org_id,'Brian Amata','0722862210',' ',true,false,'KE'),
			(89,v_org_id,'Arnold Gerroh','0723677904','diezoarnold@yahoo.com',true,false,'KE'),
			(90,v_org_id,'Kelvin Vutiya','0701143159','vutiyakelvin@gmail.com',true,false,'KE'),
			(91,v_org_id,'Collins Onyango','0717790581','collinsgillbert557@gmail.com',true,false,'KE'),
			(92,v_org_id,'Joseph Nguetti','0735379457',' ',true,false,'KE'),
			(93,v_org_id,'Cynthia Walubengo','0724525234','cbettywalubengo@gmail.com',true,false,'KE'),
			(94,v_org_id,'Maureen Masenge','0720067516',' ',true,false,'KE'),
			(95,v_org_id,'Angela Naba','0722493299','awaithera98@gmail.com',true,false,'KE'),
			(96,v_org_id,'Humphrey Jumba','0712383192','jumbahumphrey@gmail.com',true,false,'KE'),
			(97,v_org_id,'Charles Spencer Gichohi','0713069814','charlesspencergichohi@gmail.com',true,false,'KE'),
			(98,v_org_id,'Simiyu Cnythia','0712866963',' ',true,false,'KE'),
			(99,v_org_id,'Collins Ontweka','0721972839','colloh2005@gmail.com',true,false,'KE'),
			(100,v_org_id,'Venessa Njeri Githinji','0704932179','njerib.vanessa@gail.com',true,false,'KE'),
			(101,v_org_id,'Eric Metobo Ongao','0715110660','mandelametobo5@gmail.com',true,false,'KE'),
			(102,v_org_id,'Olave Orawo','0728171059','orawoolave@gmail.com',true,false,'KE'),
			(103,v_org_id,'Felister Kaimuri','0728959432',' ',true,false,'KE'),
			(104,v_org_id,'Daizy Moturi','0729217964','daisymoturi@gmail.com',true,false,'KE'),
			(105,v_org_id,'Euphemia Mogina Abobo','0727035543','ephemiahabobo9@gmail.com',true,false,'KE'),
			(106,v_org_id,'Clement Ndumia','0727002432','cwambugu640@gmail.com',true,false,'KE'),
			(107,v_org_id,'Purity Yuchete','0732057998','amwayipurity17@gmail.com',true,false,'KE'),
			(108,v_org_id,'Evelyn Wanjiru Njau','0727801111','njaueve@gmail.com',true,false,'KE'),
			(109,v_org_id,'Mercy Mbugua','0710828577','mercy.w.m10@gmail.com',true,false,'KE'),
			(110,v_org_id,'Edmond Ocholla','0725018807','edoch06@gmail.com',true,false,'KE'),
			(111,v_org_id,'Joseph Njoroge Mwangi','0720325634','joemwanginjoro@gmail.com',true,false,'KE'),
			(112,v_org_id,'Elisha Ochieng','0725103727','elishaonyango.o@gmail.com',true,false,'KE'),
			(113,v_org_id,'Winnie Giteru','0722214382','giteruwinnie@gmail.com',true,false,'KE'),
			(114,v_org_id,'Lilian Saitet/ Grace','0703485997','gracemakesh@gmail.com',true,false,'KE'),
			(115,v_org_id,'Naomi Mukhwana','0718634729','naomymukhwana@gmail.com',true,false,'KE'),
			(116,v_org_id,'Marion Waithera','0713236432','marionnecera@gmail.com',true,false,'KE'),
			(117,v_org_id,'Jaqueline Kabaki','0707265534','jackie4999k@gmail.com',true,false,'KE'),
			(118,v_org_id,'Myra Jalenga','0712697989','myrajarenga1234@gmail.com',true,false,'KE'),
			(119,v_org_id,'Jackson Kamau','0788813572',' ',true,false,'KE'),
			(120,v_org_id,'Bhati Leah Adira','0713350356','bhartiadira@gmail.com',true,false,'KE'),
			(121,v_org_id,'Makau Muli','0710640362','makaumuli@gmail.com',true,false,'KE'),
			(122,v_org_id,'Esther Ayodo','0722290157','estherayodo417@gmail.com',true,false,'KE'),
			(123,v_org_id,'Annick Iradukunda/ Soet','0792261699','iraannick@gmail.com',true,false,'KE'),
			(124,v_org_id,'Angela Ouma','0725473000',' ',true,false,'KE'),
			(125,v_org_id,'Annetae Wanjala','0711415363',' ',true,false,'KE'),
			(126,v_org_id,'Peaceloice Gatugi Mbae','0714433890','peaceloise@gmail.com',true,false,'KE'),
			(127,v_org_id,'Sally Ojuang','0713179373','sallycynthiaoj@gmail.com',true,false,'KE'),
			(128,v_org_id,'Robert Machokaa/ Patrick','0707330152','aribassmalik@gmail.com',true,false,'KE'),
			(129,v_org_id,'Jefferson Njoroge Thiongo','0727760552','thiongow4weru@gail.com',true,false,'KE'),
			(130,v_org_id,'Dennis Sarifu','0723560882','sarif46den@gail.com',true,false,'KE'),
			(131,v_org_id,'Manasseh Nyagah','0725097999','seennyagah@gmail.com',true,false,'KE'),
			(132,v_org_id,'William Musyimi Kingoo','0713179373',' ',true,false,'KE'),
			(133,v_org_id,'Evans Achibu','0712319898',' ',true,false,'KE'),
			(134,v_org_id,'Bernard Maasai','0714055854',' ',true,false,'KE'),
			(135,v_org_id,'Agnes Boke Gati','0727526700','gatib20@gmail.com',true,false,'KE'),
			(136,v_org_id,'Edwin Miyiena & Abby','0702186444','writeforce1@gmail.com',true,false,'KE'),
			(137,v_org_id,'Isaac Mugwe Muraya','0724032354','murayaissac@gmail.com',true,false,'KE');

			

		---create rentals for all properties
		INSERT INTO rentals (org_id, property_id, is_active, tenant_id, unit_id) VALUES
			(v_org_id,v_property_id_a,true,10,5),
			(v_org_id,v_property_id_a,true,11,7),
			(v_org_id,v_property_id_a,true,12,8),
			(v_org_id,v_property_id_a,true,13,9),
			(v_org_id,v_property_id_a,true,14,10),
			(v_org_id,v_property_id_a,true,15,12),
			(v_org_id,v_property_id_a,true,16,13),
			(v_org_id,v_property_id_a,true,17,14),
			(v_org_id,v_property_id_a,true,18,15),
			(v_org_id,v_property_id_a,true,19,16),
			(v_org_id,v_property_id_a,true,20,17),
			(v_org_id,v_property_id_a,true,21,18),
			(v_org_id,v_property_id_a,true,22,19),
			(v_org_id,v_property_id_a,true,23,20),
			(v_org_id,v_property_id_a,true,24,21),
			(v_org_id,v_property_id_a,true,25,22),
			(v_org_id,v_property_id_a,true,26,23),
			(v_org_id,v_property_id_a,true,27,24),
			(v_org_id,v_property_id_a,true,28,26),
			(v_org_id,v_property_id_a,true,29,27),
			(v_org_id,v_property_id_a,true,30,28),
			(v_org_id,v_property_id_a,true,31,29),
			(v_org_id,v_property_id_a,true,32,30),
			(v_org_id,v_property_id_a,true,33,31),
			(v_org_id,v_property_id_a,true,34,32),
			(v_org_id,v_property_id_a,true,35,33),
			(v_org_id,v_property_id_a,true,36,35),
			(v_org_id,v_property_id_a,true,37,36),
			(v_org_id,v_property_id_a,true,38,37),
			(v_org_id,v_property_id_a,true,39,38),
			(v_org_id,v_property_id_a,true,40,39),
			(v_org_id,v_property_id_a,true,41,40),
			(v_org_id,v_property_id_a,true,42,41),
			(v_org_id,v_property_id_a,true,43,42),
			(v_org_id,v_property_id_a,true,44,43),
			(v_org_id,v_property_id_a,true,45,44),
			(v_org_id,v_property_id_a,true,46,45),
			(v_org_id,v_property_id_a,true,47,46),
			(v_org_id,v_property_id_a,true,48,47),
			(v_org_id,v_property_id_a,true,49,48),
			(v_org_id,v_property_id_a,true,50,49),
			(v_org_id,v_property_id_a,true,51,50),
			(v_org_id,v_property_id_a,true,52,51),
			(v_org_id,v_property_id_a,true,53,52),
			(v_org_id,v_property_id_a,true,54,53),
			(v_org_id,v_property_id_a,true,55,54),
			(v_org_id,v_property_id_a,true,56,55),
			(v_org_id,v_property_id_a,true,57,56),
			(v_org_id,v_property_id_a,true,58,57),
			(v_org_id,v_property_id_a,true,59,58),
			(v_org_id,v_property_id_a,true,60,59),
			(v_org_id,v_property_id_a,true,61,60),
			(v_org_id,v_property_id_a,true,62,61),
			(v_org_id,v_property_id_a,true,63,62),
			(v_org_id,v_property_id_a,true,64,63),
			(v_org_id,v_property_id_a,true,65,64),
			(v_org_id,v_property_id_a,true,66,66),

			(v_org_id,v_property_id_b,true,67,67),
			(v_org_id,v_property_id_b,true,68,68),
			(v_org_id,v_property_id_b,true,69,69),
			(v_org_id,v_property_id_b,true,70,70),
			(v_org_id,v_property_id_b,true,71,71),
			(v_org_id,v_property_id_b,true,72,72),
			(v_org_id,v_property_id_b,true,73,73),
			(v_org_id,v_property_id_b,true,74,75),
			(v_org_id,v_property_id_b,true,75,76),
			(v_org_id,v_property_id_b,true,76,77),
			(v_org_id,v_property_id_b,true,77,78),
			(v_org_id,v_property_id_b,true,78,79),
			(v_org_id,v_property_id_b,true,79,80),
			(v_org_id,v_property_id_b,true,80,81),
			(v_org_id,v_property_id_b,true,81,82),
			(v_org_id,v_property_id_b,true,82,83),
			(v_org_id,v_property_id_b,true,83,84),
			(v_org_id,v_property_id_b,true,84,85),
			(v_org_id,v_property_id_b,true,85,86),
			(v_org_id,v_property_id_b,true,86,87),
			(v_org_id,v_property_id_b,true,87,88),
			(v_org_id,v_property_id_b,true,88,89),
			(v_org_id,v_property_id_b,true,89,91),
			(v_org_id,v_property_id_b,true,90,92),
			(v_org_id,v_property_id_b,true,91,93),
			(v_org_id,v_property_id_b,true,92,94),
			(v_org_id,v_property_id_b,true,93,95),
			(v_org_id,v_property_id_b,true,94,96),
			(v_org_id,v_property_id_b,true,95,98),
			(v_org_id,v_property_id_b,true,96,99),
			(v_org_id,v_property_id_b,true,97,100),
			(v_org_id,v_property_id_b,true,98,101),
			(v_org_id,v_property_id_b,true,99,102),
			(v_org_id,v_property_id_b,true,100,103),
			(v_org_id,v_property_id_b,true,101,104),
			(v_org_id,v_property_id_b,true,102,105),
			(v_org_id,v_property_id_b,true,103,107),
			(v_org_id,v_property_id_b,true,104,108),
			(v_org_id,v_property_id_b,true,105,109),
			(v_org_id,v_property_id_b,true,106,110),
			(v_org_id,v_property_id_b,true,107,111),
			(v_org_id,v_property_id_b,true,108,112),
			(v_org_id,v_property_id_b,true,109,113),
			(v_org_id,v_property_id_b,true,110,114),
			(v_org_id,v_property_id_b,true,111,115),
			(v_org_id,v_property_id_b,true,112,116),
			(v_org_id,v_property_id_b,true,113,117),
			(v_org_id,v_property_id_b,true,114,118),
			(v_org_id,v_property_id_b,true,115,119),
			(v_org_id,v_property_id_b,true,116,120),
			(v_org_id,v_property_id_b,true,117,121),
			(v_org_id,v_property_id_b,true,118,122),
			(v_org_id,v_property_id_b,true,119,123),
			(v_org_id,v_property_id_b,true,120,124),
			(v_org_id,v_property_id_b,true,121,125),
			(v_org_id,v_property_id_b,true,122,126),
			(v_org_id,v_property_id_b,true,123,127),
			(v_org_id,v_property_id_b,true,124,128),
			(v_org_id,v_property_id_b,true,125,129),
			(v_org_id,v_property_id_b,true,126,130),
			(v_org_id,v_property_id_b,true,127,131),
			(v_org_id,v_property_id_b,true,128,132),
			(v_org_id,v_property_id_b,true,129,133),
			(v_org_id,v_property_id_b,true,130,134),
			(v_org_id,v_property_id_b,true,131,135),
			(v_org_id,v_property_id_b,true,132,136),
			(v_org_id,v_property_id_b,true,133,137),
			(v_org_id,v_property_id_b,true,134,138),
			(v_org_id,v_property_id_b,true,135,139),
			(v_org_id,v_property_id_b,true,136,140),
			(v_org_id,v_property_id_b,true,137,141);

			UPDATE rentals SET start_rent = '2018-01-01'
			WHERE org_id = v_org_id;

		msg := 'sarah details successful';
	END IF;	
	RETURN new;
	SELECT pg_catalog.setval('units_unit_id_seq', 145, true);
	SELECT pg_catalog.setval('tenants_tenant_id_seq', 140, true);
END;
$$ LANGUAGE plpgsql;
 

CREATE TRIGGER sarah_details AFTER INSERT OR UPDATE ON subscriptions
    FOR EACH ROW EXECUTE PROCEDURE sarah_details();
