INSERT INTO forms (form_id, org_id, form_name, form_number, table_name, version, completed, is_active, use_key, form_header, form_footer, default_values, details) VALUES (11, 0, 'DIFERRED GRADE(DG) FORM', 'DGF', NULL, '1', '0', '0', 0, '<br><br>', NULL, NULL, NULL);
INSERT INTO forms (form_id, org_id, form_name, form_number, table_name, version, completed, is_active, use_key, form_header, form_footer, default_values, details) VALUES (17, 0, 'TRANSFER OF CREDITS REQUEST FORM', 'TOCRF', NULL, '1', '0', '0', 0, 'TRANSFER OF CREDITS REQUEST FORM<br></div><p></p>', NULL, NULL, NULL);
INSERT INTO forms (form_id, org_id, form_name, form_number, table_name, version, completed, is_active, use_key, form_header, form_footer, default_values, details) VALUES (5, 0, 'ADD AND DROP FORM', 'ADD AND DROP FORM', NULL, '1', '0', '0', 0, '<p>ADD AND DROP FORM</p>', NULL, NULL, NULL);
INSERT INTO forms (form_id, org_id, form_name, form_number, table_name, version, completed, is_active, use_key, form_header, form_footer, default_values, details) VALUES (1, 0, 'APPLICATION FOR ADMISSION FOR UNDERGRADUATES', 'AAU', 'application_forms', '1', '0', '0', 1, '<p>

Please include the following when returning this form:

<br>a. Certified photocopy(s) of Secondary School Certificate(s)
<br>b. Other certified certificates/diplomas if applicable

<br>c. Application fee of Ksh. 1,500/=/US $ 20 (non-refundable)

<br>d. Two clear, recent passport-size photographs (4.5 sq.cm or 2 in. by 2 in.) Both ears should be clearly seen.

<br>e. Two Application Evaluation/Recommendation in sealed envelopes.
<br>f. Signed affidavit of support by parents/sponsor (for international students).

</p>

', '<p></p><p>NOTIFICATION OF ACCEPTANCE: If admitted,&nbsp; you will be notified in writing. No student should come to the University until he/she receives a formal admission letter. Comply with the information given in the admission letter. Failure to comply with the instructions may lead to cancellation of the admission. International students must also comply with the Kenya Immigration&nbsp; Regulations.</p><br><br><p></p>', NULL, NULL);


SELECT pg_catalog.setval('forms_form_id_seq', 20, true);


INSERT INTO fields (field_id, org_id, form_id, field_name, question, field_lookup, field_type, field_class, field_bold, field_italics, field_order, share_line, field_size, label_position, field_fnct, manditory, show, tab, details) VALUES (10, 0, 1, 'MaritalStatus', 'Marital Status', 'Single# Married', 'LIST', NULL, '0', '0', 100, 100, 25, 'L', NULL, '0', '1', NULL, NULL);
INSERT INTO fields (field_id, org_id, form_id, field_name, question, field_lookup, field_type, field_class, field_bold, field_italics, field_order, share_line, field_size, label_position, field_fnct, manditory, show, tab, details) VALUES (89, 0, 1, 'mname', 'Mothers name', NULL, 'TEXTFIELD', NULL, '0', '0', 890, 890, 25, 'L', NULL, '0', '1', 'Family', NULL);
INSERT INTO fields (field_id, org_id, form_id, field_name, question, field_lookup, field_type, field_class, field_bold, field_italics, field_order, share_line, field_size, label_position, field_fnct, manditory, show, tab, details) VALUES (727, 0, 1, NULL, '<b>Educational Background. </b>List institutions of learning attended at each level including Primary school:', NULL, 'TEXT', NULL, '0', '0', 312, NULL, 25, 'L', NULL, '0', '1', NULL, NULL);
INSERT INTO fields (field_id, org_id, form_id, field_name, question, field_lookup, field_type, field_class, field_bold, field_italics, field_order, share_line, field_size, label_position, field_fnct, manditory, show, tab, details) VALUES (728, 0, 1, NULL, '<b>Work experience:</b> If you held a job, give details about employment (use additional sheet if necessary)', NULL, 'TEXT', NULL, '0', '0', 317, NULL, 25, 'L', NULL, '0', '1', NULL, NULL);
INSERT INTO fields (field_id, org_id, form_id, field_name, question, field_lookup, field_type, field_class, field_bold, field_italics, field_order, share_line, field_size, label_position, field_fnct, manditory, show, tab, details) VALUES (709, 0, 1, NULL, 'Address', NULL, 'TEXTFIELD', NULL, '0', '0', 853, 850, 25, 'L', NULL, '0', '1', NULL, NULL);
INSERT INTO fields (field_id, org_id, form_id, field_name, question, field_lookup, field_type, field_class, field_bold, field_italics, field_order, share_line, field_size, label_position, field_fnct, manditory, show, tab, details) VALUES (710, 0, 1, NULL, 'Telephone', NULL, 'TEXTFIELD', NULL, '0', '0', 855, NULL, 25, 'L', NULL, '0', '1', NULL, NULL);
INSERT INTO fields (field_id, org_id, form_id, field_name, question, field_lookup, field_type, field_class, field_bold, field_italics, field_order, share_line, field_size, label_position, field_fnct, manditory, show, tab, details) VALUES (711, 0, 1, NULL, 'Email', NULL, 'TEXTFIELD', NULL, '0', '0', 858, NULL, 25, 'L', NULL, '0', '1', NULL, NULL);
INSERT INTO fields (field_id, org_id, form_id, field_name, question, field_lookup, field_type, field_class, field_bold, field_italics, field_order, share_line, field_size, label_position, field_fnct, manditory, show, tab, details) VALUES (86, 0, 1, 'fnationalityid', 'Nationality', 'SELECT sys_country_id,sys_country_name FROM sys_countrys;', 'SELECT', NULL, '0', '0', 860, NULL, 25, 'L', NULL, '0', '1', 'Family', NULL);
INSERT INTO fields (field_id, org_id, form_id, field_name, question, field_lookup, field_type, field_class, field_bold, field_italics, field_order, share_line, field_size, label_position, field_fnct, manditory, show, tab, details) VALUES (712, 0, 1, NULL, 'Address', NULL, 'TEXTFIELD', NULL, '0', '0', 893, NULL, 25, 'L', NULL, '0', '1', NULL, NULL);
INSERT INTO fields (field_id, org_id, form_id, field_name, question, field_lookup, field_type, field_class, field_bold, field_italics, field_order, share_line, field_size, label_position, field_fnct, manditory, show, tab, details) VALUES (713, 0, 1, NULL, 'Telephone', NULL, 'TEXTFIELD', NULL, '0', '0', 895, NULL, 25, 'L', NULL, '0', '1', NULL, NULL);
INSERT INTO fields (field_id, org_id, form_id, field_name, question, field_lookup, field_type, field_class, field_bold, field_italics, field_order, share_line, field_size, label_position, field_fnct, manditory, show, tab, details) VALUES (714, 0, 1, NULL, 'Email', NULL, 'TEXTFIELD', NULL, '0', '0', 898, NULL, 25, 'L', NULL, '0', '1', NULL, NULL);
INSERT INTO fields (field_id, org_id, form_id, field_name, question, field_lookup, field_type, field_class, field_bold, field_italics, field_order, share_line, field_size, label_position, field_fnct, manditory, show, tab, details) VALUES (105, 0, 1, NULL, 'Date', NULL, 'DATE', NULL, '0', '0', 1030, 1020, 25, 'L', 'to_date(''#'', ''DD/MM/YYYY'')', '0', '1', NULL, NULL);
INSERT INTO fields (field_id, org_id, form_id, field_name, question, field_lookup, field_type, field_class, field_bold, field_italics, field_order, share_line, field_size, label_position, field_fnct, manditory, show, tab, details) VALUES (61, 0, 1, 'expelled', 'Have you ever been expelled/dismissed or refused admission to any institution of learning?', 'Yes#No', 'LIST', NULL, '0', '0', 340, NULL, 25, 'L', NULL, '0', '1', 'Education', NULL);
INSERT INTO fields (field_id, org_id, form_id, field_name, question, field_lookup, field_type, field_class, field_bold, field_italics, field_order, share_line, field_size, label_position, field_fnct, manditory, show, tab, details) VALUES (463, 0, 11, NULL, 'Academic Year', NULL, 'TEXTFIELD', NULL, '0', '0', 110, 80, 25, 'L', NULL, '0', '1', NULL, NULL);
INSERT INTO fields (field_id, org_id, form_id, field_name, question, field_lookup, field_type, field_class, field_bold, field_italics, field_order, share_line, field_size, label_position, field_fnct, manditory, show, tab, details) VALUES (291, 0, 5, NULL, 'Instructions: Have this form completed according to numbered sequence.', NULL, 'TITLE', NULL, '0', '0', 80, NULL, 25, NULL, NULL, '0', '1', NULL, NULL);
INSERT INTO fields (field_id, org_id, form_id, field_name, question, field_lookup, field_type, field_class, field_bold, field_italics, field_order, share_line, field_size, label_position, field_fnct, manditory, show, tab, details) VALUES (459, 0, 11, NULL, 'COURSE FOR WHICH THE DEFFERED GRADE IS APPLIED', NULL, 'TITLE', NULL, '0', '0', 70, NULL, 25, 'L', NULL, '0', '1', NULL, NULL);
INSERT INTO fields (field_id, org_id, form_id, field_name, question, field_lookup, field_type, field_class, field_bold, field_italics, field_order, share_line, field_size, label_position, field_fnct, manditory, show, tab, details) VALUES (6, 0, 1, NULL, 'Email', NULL, 'TEXTFIELD', NULL, '0', '0', 60, 40, 25, 'L', NULL, '0', '1', NULL, NULL);
INSERT INTO fields (field_id, org_id, form_id, field_name, question, field_lookup, field_type, field_class, field_bold, field_italics, field_order, share_line, field_size, label_position, field_fnct, manditory, show, tab, details) VALUES (22, 0, 1, 'otherlanguages', 'Other languages spoken', NULL, 'TEXTFIELD', NULL, '0', '0', 220, 210, 25, 'L', NULL, '0', '1', NULL, NULL);
INSERT INTO fields (field_id, org_id, form_id, field_name, question, field_lookup, field_type, field_class, field_bold, field_italics, field_order, share_line, field_size, label_position, field_fnct, manditory, show, tab, details) VALUES (469, 0, 11, NULL, 'DEANS/CHAIRPERSONS SIGNATURE', NULL, 'TEXTFIELD', NULL, '0', '0', 170, 170, 25, 'L', NULL, '0', '1', NULL, NULL);
INSERT INTO fields (field_id, org_id, form_id, field_name, question, field_lookup, field_type, field_class, field_bold, field_italics, field_order, share_line, field_size, label_position, field_fnct, manditory, show, tab, details) VALUES (472, 0, 11, NULL, 'NOTE: THE UNIVERSITY OF EASTERN AFRICA, BARATON POLICY WITH RESPECT TO DIFFERED GRADES READS; COURSES FOR WHICH A DG IS USED NORMALLY RUN OVER TWO OR THREE TRIMESTERS, ANY EXTENSION BEYOND THIS NEEDS THE APPROVAL OF THE ACADEMIC STANDARDS COMMITTEE.', NULL, 'TITLE', NULL, '0', '0', 200, NULL, 25, 'L', NULL, '0', '1', NULL, NULL);
INSERT INTO fields (field_id, org_id, form_id, field_name, question, field_lookup, field_type, field_class, field_bold, field_italics, field_order, share_line, field_size, label_position, field_fnct, manditory, show, tab, details) VALUES (457, 0, 11, NULL, 'TEACHERS NAME', NULL, 'TEXTFIELD', NULL, '0', '0', 50, 50, 25, 'L', NULL, '0', '1', NULL, NULL);
INSERT INTO fields (field_id, org_id, form_id, field_name, question, field_lookup, field_type, field_class, field_bold, field_italics, field_order, share_line, field_size, label_position, field_fnct, manditory, show, tab, details) VALUES (465, 0, 11, NULL, 'TRIMESTER IN WHICH THE GRADE IS EXPECTED TO BE TURNED IN', NULL, 'TEXTFIELD', NULL, '0', '0', 130, NULL, 25, 'L', NULL, '0', '1', NULL, NULL);
INSERT INTO fields (field_id, org_id, form_id, field_name, question, field_lookup, field_type, field_class, field_bold, field_italics, field_order, share_line, field_size, label_position, field_fnct, manditory, show, tab, details) VALUES (454, 0, 11, NULL, 'STUDENT ID NO.', NULL, 'TEXTFIELD', NULL, '0', '0', 20, 20, 25, 'L', NULL, '0', '1', NULL, NULL);
INSERT INTO fields (field_id, org_id, form_id, field_name, question, field_lookup, field_type, field_class, field_bold, field_italics, field_order, share_line, field_size, label_position, field_fnct, manditory, show, tab, details) VALUES (458, 0, 11, NULL, 'SIGNATURE:', NULL, 'TEXTFIELD', NULL, '0', '0', 60, 50, 25, 'L', NULL, '0', '1', NULL, NULL);
INSERT INTO fields (field_id, org_id, form_id, field_name, question, field_lookup, field_type, field_class, field_bold, field_italics, field_order, share_line, field_size, label_position, field_fnct, manditory, show, tab, details) VALUES (455, 0, 11, NULL, 'NAME', NULL, 'TEXTFIELD', NULL, '0', '0', 30, 20, 25, 'L', NULL, '0', '1', NULL, NULL);
INSERT INTO fields (field_id, org_id, form_id, field_name, question, field_lookup, field_type, field_class, field_bold, field_italics, field_order, share_line, field_size, label_position, field_fnct, manditory, show, tab, details) VALUES (456, 0, 11, NULL, 'DATE', NULL, 'TEXTFIELD', NULL, '0', '0', 40, 20, 25, 'L', NULL, '0', '1', NULL, NULL);
INSERT INTO fields (field_id, org_id, form_id, field_name, question, field_lookup, field_type, field_class, field_bold, field_italics, field_order, share_line, field_size, label_position, field_fnct, manditory, show, tab, details) VALUES (467, 0, 11, NULL, 'INSTRUCTORS SIGN', NULL, 'TEXTFIELD', NULL, '0', '0', 150, 140, 25, 'L', NULL, '0', '1', NULL, NULL);
INSERT INTO fields (field_id, org_id, form_id, field_name, question, field_lookup, field_type, field_class, field_bold, field_italics, field_order, share_line, field_size, label_position, field_fnct, manditory, show, tab, details) VALUES (106, 0, 1, NULL, '<b>Parent or Guardians commitment: </b>I agree that the applicant may be a student at the University. I am ready to support the university in its effort to ensure that the applicant abides by the rules and principles of the university and accepts the authority of its administration.', NULL, 'TEXT', NULL, '0', '0', 1010, NULL, 25, 'L', NULL, '0', '1', NULL, NULL);
INSERT INTO fields (field_id, org_id, form_id, field_name, question, field_lookup, field_type, field_class, field_bold, field_italics, field_order, share_line, field_size, label_position, field_fnct, manditory, show, tab, details) VALUES (53, 0, 1, NULL, 'How did you know about us (Name of University)?', NULL, 'TEXTFIELD', NULL, '0', '0', 310, -1, 25, 'L', NULL, '0', '1', NULL, NULL);
INSERT INTO fields (field_id, org_id, form_id, field_name, question, field_lookup, field_type, field_class, field_bold, field_italics, field_order, share_line, field_size, label_position, field_fnct, manditory, show, tab, details) VALUES (468, 0, 11, NULL, 'DATE', NULL, 'TEXTFIELD', NULL, '0', '0', 160, 140, 25, 'L', NULL, '0', '1', NULL, NULL);
INSERT INTO fields (field_id, org_id, form_id, field_name, question, field_lookup, field_type, field_class, field_bold, field_italics, field_order, share_line, field_size, label_position, field_fnct, manditory, show, tab, details) VALUES (293, 0, 5, NULL, 'I wish to ADD the following class(es)', NULL, 'TABLE', NULL, '0', '0', 100, NULL, 85, NULL, NULL, '0', '1', NULL, NULL);
INSERT INTO fields (field_id, org_id, form_id, field_name, question, field_lookup, field_type, field_class, field_bold, field_italics, field_order, share_line, field_size, label_position, field_fnct, manditory, show, tab, details) VALUES (708, 0, 1, NULL, 'If yes, Explain', NULL, 'TEXTFIELD', NULL, '0', '0', 370, NULL, 25, 'L', NULL, '0', '1', NULL, NULL);
INSERT INTO fields (field_id, org_id, form_id, field_name, question, field_lookup, field_type, field_class, field_bold, field_italics, field_order, share_line, field_size, label_position, field_fnct, manditory, show, tab, details) VALUES (717, 0, 1, NULL, '(Note: There is an inter-semester in January', NULL, 'TEXT', NULL, '0', '0', 268, NULL, 25, 'L', NULL, '0', '1', NULL, NULL);
INSERT INTO fields (field_id, org_id, form_id, field_name, question, field_lookup, field_type, field_class, field_bold, field_italics, field_order, share_line, field_size, label_position, field_fnct, manditory, show, tab, details) VALUES (286, 0, 5, NULL, 'DATE', NULL, 'DATE', NULL, '0', '0', 30, 10, 25, NULL, 'to_date(''#'', ''DD/MM/YYYY'')', '0', '1', NULL, NULL);
INSERT INTO fields (field_id, org_id, form_id, field_name, question, field_lookup, field_type, field_class, field_bold, field_italics, field_order, share_line, field_size, label_position, field_fnct, manditory, show, tab, details) VALUES (44, 0, 1, 'hsmoke', 'Have you ever smoked?', 'No#Yes', 'LIST', NULL, '0', '0', 440, NULL, 25, 'L', NULL, '0', '1', NULL, NULL);
INSERT INTO fields (field_id, org_id, form_id, field_name, question, field_lookup, field_type, field_class, field_bold, field_italics, field_order, share_line, field_size, label_position, field_fnct, manditory, show, tab, details) VALUES (294, 0, 5, NULL, 'Total credits', NULL, 'TEXTFIELD', NULL, '0', '0', 110, NULL, 25, NULL, NULL, '0', '1', NULL, NULL);
INSERT INTO fields (field_id, org_id, form_id, field_name, question, field_lookup, field_type, field_class, field_bold, field_italics, field_order, share_line, field_size, label_position, field_fnct, manditory, show, tab, details) VALUES (474, 0, 11, NULL, 'DATE', NULL, 'DATE', NULL, '0', '0', 220, 210, 25, 'L', 'to_date(''#'', ''DD/MM/YYYY'')', '0', '1', NULL, NULL);
INSERT INTO fields (field_id, org_id, form_id, field_name, question, field_lookup, field_type, field_class, field_bold, field_italics, field_order, share_line, field_size, label_position, field_fnct, manditory, show, tab, details) VALUES (619, 0, 17, NULL, 'Date:', NULL, 'DATE', NULL, '0', '0', 10, NULL, 25, 'L', 'to_date(''#'', ''DD/MM/YYYY'')', '0', '1', NULL, NULL);
INSERT INTO fields (field_id, org_id, form_id, field_name, question, field_lookup, field_type, field_class, field_bold, field_italics, field_order, share_line, field_size, label_position, field_fnct, manditory, show, tab, details) VALUES (101, 0, 1, NULL, 'Recommendations: Give names and addresses of two individuals who can give character recommendation. Give the enclosed evaluation/recommendation form to these individuals and ask them to return the forms to you in sealed and rubber-stamped envelopes. One of the recommendations must be from the PRINCIPAL of the school last attended and another one from your CHURCH PASTOR or RELIGIOUS LEADER (if you are a church member)', NULL, 'TEXT', NULL, '0', '0', 1160, NULL, 25, 'L', NULL, '0', '1', NULL, NULL);
INSERT INTO fields (field_id, org_id, form_id, field_name, question, field_lookup, field_type, field_class, field_bold, field_italics, field_order, share_line, field_size, label_position, field_fnct, manditory, show, tab, details) VALUES (108, 0, 1, NULL, 'Date', NULL, 'DATE', NULL, '0', '0', 1080, NULL, 25, 'L', 'to_date(''#'', ''DD/MM/YYYY'')', '0', '1', NULL, NULL);
INSERT INTO fields (field_id, org_id, form_id, field_name, question, field_lookup, field_type, field_class, field_bold, field_italics, field_order, share_line, field_size, label_position, field_fnct, manditory, show, tab, details) VALUES (113, 0, 1, NULL, 'Date', NULL, 'DATE', NULL, '0', '0', 1140, NULL, 25, 'L', 'to_date(''#'', ''DD/MM/YYYY'')', '0', '1', NULL, NULL);
INSERT INTO fields (field_id, org_id, form_id, field_name, question, field_lookup, field_type, field_class, field_bold, field_italics, field_order, share_line, field_size, label_position, field_fnct, manditory, show, tab, details) VALUES (16, 0, 1, 'birthdate', 'Birth Date: Day/Month/Year e.g 14/02/2013', NULL, 'DATE', NULL, '0', '0', 160, NULL, 25, 'L', 'to_date(''#'', ''DD/MM/YYYY'')', '0', '1', NULL, NULL);
INSERT INTO fields (field_id, org_id, form_id, field_name, question, field_lookup, field_type, field_class, field_bold, field_italics, field_order, share_line, field_size, label_position, field_fnct, manditory, show, tab, details) VALUES (632, 0, 17, NULL, 'Dear Sir/Madam', NULL, 'TITLE', NULL, '0', '0', 140, NULL, 25, 'L', NULL, '0', '1', NULL, NULL);
INSERT INTO fields (field_id, org_id, form_id, field_name, question, field_lookup, field_type, field_class, field_bold, field_italics, field_order, share_line, field_size, label_position, field_fnct, manditory, show, tab, details) VALUES (292, 0, 5, NULL, '1. Advisors signature (to sign first)', NULL, 'TEXTFIELD', NULL, '0', '0', 90, NULL, 25, NULL, NULL, '0', '1', NULL, NULL);
INSERT INTO fields (field_id, org_id, form_id, field_name, question, field_lookup, field_type, field_class, field_bold, field_italics, field_order, share_line, field_size, label_position, field_fnct, manditory, show, tab, details) VALUES (640, 0, 17, NULL, '(NAME OF UNIVERSITY)', NULL, 'DATE', NULL, '0', '0', 220, NULL, 25, 'L', 'to_date(''#'', ''DD/MM/YYYY'')', '0', '1', NULL, NULL);
INSERT INTO fields (field_id, org_id, form_id, field_name, question, field_lookup, field_type, field_class, field_bold, field_italics, field_order, share_line, field_size, label_position, field_fnct, manditory, show, tab, details) VALUES (285, 0, 5, 'lastname', 'NAME', NULL, 'TEXTFIELD', NULL, '0', '0', 20, 10, 25, NULL, NULL, '0', '1', NULL, NULL);
INSERT INTO fields (field_id, org_id, form_id, field_name, question, field_lookup, field_type, field_class, field_bold, field_italics, field_order, share_line, field_size, label_position, field_fnct, manditory, show, tab, details) VALUES (298, 0, 5, NULL, '5. My present load in credit hours is', NULL, 'TEXTFIELD', NULL, '0', '0', 150, NULL, 25, NULL, NULL, '0', '1', NULL, NULL);
INSERT INTO fields (field_id, org_id, form_id, field_name, question, field_lookup, field_type, field_class, field_bold, field_italics, field_order, share_line, field_size, label_position, field_fnct, manditory, show, tab, details) VALUES (301, 0, 5, NULL, '8. Student Finance clearance (when adding)', NULL, 'TEXTFIELD', NULL, '0', '0', 180, NULL, 25, NULL, NULL, '0', '1', NULL, NULL);
INSERT INTO fields (field_id, org_id, form_id, field_name, question, field_lookup, field_type, field_class, field_bold, field_italics, field_order, share_line, field_size, label_position, field_fnct, manditory, show, tab, details) VALUES (297, 0, 5, NULL, '4. Reason for change_', NULL, 'TEXTFIELD', NULL, '0', '0', 140, NULL, 25, NULL, NULL, '0', '1', NULL, NULL);
INSERT INTO fields (field_id, org_id, form_id, field_name, question, field_lookup, field_type, field_class, field_bold, field_italics, field_order, share_line, field_size, label_position, field_fnct, manditory, show, tab, details) VALUES (50, 0, 1, 'hdrugs', 'Have you ever used addictive drugs?', 'No#Yes', 'LIST', NULL, '0', '0', 500, NULL, 25, 'L', NULL, '0', '1', NULL, NULL);
INSERT INTO fields (field_id, org_id, form_id, field_name, question, field_lookup, field_type, field_class, field_bold, field_italics, field_order, share_line, field_size, label_position, field_fnct, manditory, show, tab, details) VALUES (287, 0, 5, 'majorid', 'MAJOR:', NULL, 'TEXTFIELD', NULL, '0', '0', 40, 40, 25, NULL, NULL, '0', '1', NULL, NULL);
INSERT INTO fields (field_id, org_id, form_id, field_name, question, field_lookup, field_type, field_class, field_bold, field_italics, field_order, share_line, field_size, label_position, field_fnct, manditory, show, tab, details) VALUES (288, 0, 5, 'degreeid', 'DEGREE', NULL, 'TEXTFIELD', NULL, '0', '0', 50, 40, 25, NULL, NULL, '0', '1', NULL, NULL);
INSERT INTO fields (field_id, org_id, form_id, field_name, question, field_lookup, field_type, field_class, field_bold, field_italics, field_order, share_line, field_size, label_position, field_fnct, manditory, show, tab, details) VALUES (8, 0, 1, NULL, 'Permanent Telephone', NULL, 'TEXTFIELD', NULL, '0', '0', 80, 70, 25, 'L', NULL, '0', '1', NULL, NULL);
INSERT INTO fields (field_id, org_id, form_id, field_name, question, field_lookup, field_type, field_class, field_bold, field_italics, field_order, share_line, field_size, label_position, field_fnct, manditory, show, tab, details) VALUES (110, 0, 1, NULL, 'Name and address of person responsible for payment of school fees', NULL, 'TEXTFIELD', NULL, '0', '0', 1050, NULL, 25, 'L', NULL, '0', '1', NULL, NULL);
INSERT INTO fields (field_id, org_id, form_id, field_name, question, field_lookup, field_type, field_class, field_bold, field_italics, field_order, share_line, field_size, label_position, field_fnct, manditory, show, tab, details) VALUES (109, 0, 1, NULL, 'Statement of financial responsibility:', NULL, 'TEXT', NULL, '1', '0', 1040, NULL, 25, 'L', NULL, '0', '1', NULL, NULL);
INSERT INTO fields (field_id, org_id, form_id, field_name, question, field_lookup, field_type, field_class, field_bold, field_italics, field_order, share_line, field_size, label_position, field_fnct, manditory, show, tab, details) VALUES (114, 0, 1, NULL, 'Do you have an unpaid school account?', 'Yes#No', 'LIST', NULL, '0', '0', 1090, NULL, 25, 'L', NULL, '0', '1', NULL, NULL);
INSERT INTO fields (field_id, org_id, form_id, field_name, question, field_lookup, field_type, field_class, field_bold, field_italics, field_order, share_line, field_size, label_position, field_fnct, manditory, show, tab, details) VALUES (117, 0, 1, NULL, 'If Yes, how much?', NULL, 'TEXTFIELD', NULL, '0', '0', 1100, 1170, 25, 'L', NULL, '0', '1', NULL, NULL);
INSERT INTO fields (field_id, org_id, form_id, field_name, question, field_lookup, field_type, field_class, field_bold, field_italics, field_order, share_line, field_size, label_position, field_fnct, manditory, show, tab, details) VALUES (118, 0, 1, NULL, 'Where?', NULL, 'TEXTFIELD', NULL, '0', '0', 1110, 1170, 25, 'L', NULL, '0', '1', NULL, NULL);
INSERT INTO fields (field_id, org_id, form_id, field_name, question, field_lookup, field_type, field_class, field_bold, field_italics, field_order, share_line, field_size, label_position, field_fnct, manditory, show, tab, details) VALUES (249, 0, 1, NULL, 'If Yes, please explain', NULL, 'TEXTFIELD', NULL, '0', '0', 410, 400, 25, 'L', NULL, '0', '1', NULL, NULL);
INSERT INTO fields (field_id, org_id, form_id, field_name, question, field_lookup, field_type, field_class, field_bold, field_italics, field_order, share_line, field_size, label_position, field_fnct, manditory, show, tab, details) VALUES (20, 0, 1, NULL, 'Passport/ID No', NULL, 'TEXTFIELD', NULL, '0', '0', 200, 170, 25, 'L', NULL, '0', '1', NULL, NULL);
INSERT INTO fields (field_id, org_id, form_id, field_name, question, field_lookup, field_type, field_class, field_bold, field_italics, field_order, share_line, field_size, label_position, field_fnct, manditory, show, tab, details) VALUES (72, 0, 1, 'degreeid', 'Degree desired:', 'B.A#B.Sc#B.B.A#B.T#BEd#BBIT', 'LIST', NULL, '0', '0', 280, NULL, 25, 'L', NULL, '0', '1', 'Education', NULL);
INSERT INTO fields (field_id, org_id, form_id, field_name, question, field_lookup, field_type, field_class, field_bold, field_italics, field_order, share_line, field_size, label_position, field_fnct, manditory, show, tab, details) VALUES (84, 0, 1, NULL, 'Family Information:', NULL, 'TITLE', NULL, '0', '0', 840, NULL, 25, 'L', NULL, '0', '1', 'Family', NULL);
INSERT INTO fields (field_id, org_id, form_id, field_name, question, field_lookup, field_type, field_class, field_bold, field_italics, field_order, share_line, field_size, label_position, field_fnct, manditory, show, tab, details) VALUES (2, 0, 1, 'firstname', 'First name', NULL, 'TEXTFIELD', NULL, '0', '0', 20, 10, 25, 'L', NULL, '0', '1', NULL, NULL);
INSERT INTO fields (field_id, org_id, form_id, field_name, question, field_lookup, field_type, field_class, field_bold, field_italics, field_order, share_line, field_size, label_position, field_fnct, manditory, show, tab, details) VALUES (5, 0, 1, 'phonenumber', 'Present Telephone', NULL, 'TEXTFIELD', NULL, '0', '0', 50, 40, 25, 'L', NULL, '0', '1', NULL, NULL);
INSERT INTO fields (field_id, org_id, form_id, field_name, question, field_lookup, field_type, field_class, field_bold, field_italics, field_order, share_line, field_size, label_position, field_fnct, manditory, show, tab, details) VALUES (85, 0, 1, 'fname', 'Fathers  Name', NULL, 'TEXTFIELD', NULL, '0', '0', 850, 850, 25, 'L', NULL, '0', '1', 'Family', NULL);
INSERT INTO fields (field_id, org_id, form_id, field_name, question, field_lookup, field_type, field_class, field_bold, field_italics, field_order, share_line, field_size, label_position, field_fnct, manditory, show, tab, details) VALUES (87, 0, 1, 'foccupation', 'Fathers Occupation', NULL, 'TEXTFIELD', NULL, '0', '0', 870, 870, 25, 'L', NULL, '0', '1', 'Family', NULL);
INSERT INTO fields (field_id, org_id, form_id, field_name, question, field_lookup, field_type, field_class, field_bold, field_italics, field_order, share_line, field_size, label_position, field_fnct, manditory, show, tab, details) VALUES (91, 0, 1, 'moccupation', 'Mothers Occupation', NULL, 'TEXTFIELD', NULL, '0', '0', 910, 910, 25, 'L', NULL, '0', '1', 'Family', NULL);
INSERT INTO fields (field_id, org_id, form_id, field_name, question, field_lookup, field_type, field_class, field_bold, field_italics, field_order, share_line, field_size, label_position, field_fnct, manditory, show, tab, details) VALUES (31, 0, 1, 'handicap', 'Do you have any physical handicaps?', 'No#Yes', 'LIST', NULL, '0', '0', 400, NULL, 25, 'L', NULL, '0', '1', NULL, NULL);
INSERT INTO fields (field_id, org_id, form_id, field_name, question, field_lookup, field_type, field_class, field_bold, field_italics, field_order, share_line, field_size, label_position, field_fnct, manditory, show, tab, details) VALUES (96, 0, 1, NULL, 'Gurdian''s Telephone', NULL, 'TEXTFIELD', NULL, '0', '0', 960, 950, 25, 'L', NULL, '0', '1', 'Family', NULL);
INSERT INTO fields (field_id, org_id, form_id, field_name, question, field_lookup, field_type, field_class, field_bold, field_italics, field_order, share_line, field_size, label_position, field_fnct, manditory, show, tab, details) VALUES (248, 0, 1, NULL, '<strong>PART 1:  PERSONAL DETAILS</strong>', NULL, 'TITLE', NULL, '0', '0', 5, NULL, 25, 'L', NULL, '0', '1', NULL, NULL);
INSERT INTO fields (field_id, org_id, form_id, field_name, question, field_lookup, field_type, field_class, field_bold, field_italics, field_order, share_line, field_size, label_position, field_fnct, manditory, show, tab, details) VALUES (95, 0, 1, NULL, 'e-mail of Parent(s) or Guardian(s)', NULL, 'TEXTFIELD', NULL, '0', '0', 950, 950, 25, 'L', NULL, '0', '1', 'Family', NULL);
INSERT INTO fields (field_id, org_id, form_id, field_name, question, field_lookup, field_type, field_class, field_bold, field_italics, field_order, share_line, field_size, label_position, field_fnct, manditory, show, tab, details) VALUES (107, 0, 1, NULL, 'Signature of parent/guardian', NULL, 'TEXTFIELD', NULL, '0', '0', 1020, NULL, 25, 'L', NULL, '0', '1', NULL, NULL);
INSERT INTO fields (field_id, org_id, form_id, field_name, question, field_lookup, field_type, field_class, field_bold, field_italics, field_order, share_line, field_size, label_position, field_fnct, manditory, show, tab, details) VALUES (7, 0, 1, NULL, 'Permanent mailing address', NULL, 'TEXTFIELD', NULL, '0', '0', 70, 70, 25, 'L', NULL, '0', '1', NULL, NULL);
INSERT INTO fields (field_id, org_id, form_id, field_name, question, field_lookup, field_type, field_class, field_bold, field_italics, field_order, share_line, field_size, label_position, field_fnct, manditory, show, tab, details) VALUES (460, 0, 11, NULL, 'Course Code', NULL, 'TEXTFIELD', NULL, '0', '0', 80, 80, 25, 'L', NULL, '0', '1', NULL, NULL);
INSERT INTO fields (field_id, org_id, form_id, field_name, question, field_lookup, field_type, field_class, field_bold, field_italics, field_order, share_line, field_size, label_position, field_fnct, manditory, show, tab, details) VALUES (461, 0, 11, NULL, 'Course Title', NULL, 'TEXTFIELD', NULL, '0', '0', 90, 80, 25, 'L', NULL, '0', '1', NULL, NULL);
INSERT INTO fields (field_id, org_id, form_id, field_name, question, field_lookup, field_type, field_class, field_bold, field_italics, field_order, share_line, field_size, label_position, field_fnct, manditory, show, tab, details) VALUES (462, 0, 11, NULL, 'Credits', NULL, 'TEXTFIELD', NULL, '0', '0', 100, 80, 25, 'L', NULL, '0', '1', NULL, NULL);
INSERT INTO fields (field_id, org_id, form_id, field_name, question, field_lookup, field_type, field_class, field_bold, field_italics, field_order, share_line, field_size, label_position, field_fnct, manditory, show, tab, details) VALUES (466, 0, 11, NULL, 'FINAL GRADE', NULL, 'TEXTFIELD', NULL, '0', '0', 140, 140, 25, 'L', NULL, '0', '1', NULL, NULL);
INSERT INTO fields (field_id, org_id, form_id, field_name, question, field_lookup, field_type, field_class, field_bold, field_italics, field_order, share_line, field_size, label_position, field_fnct, manditory, show, tab, details) VALUES (111, 0, 1, NULL, 'I, the above named, agree to be responsible for the payment of the total school fees of the applicant and to make this payment at the beginning of each semester. I agree to abide by the financial policies of the University.', NULL, 'TEXT', NULL, '0', '0', 1060, NULL, 25, 'L', NULL, '0', '1', NULL, NULL);
INSERT INTO fields (field_id, org_id, form_id, field_name, question, field_lookup, field_type, field_class, field_bold, field_italics, field_order, share_line, field_size, label_position, field_fnct, manditory, show, tab, details) VALUES (112, 0, 1, NULL, 'Signature of Parent/Guardian/Sponsor', NULL, 'TEXTFIELD', NULL, '0', '0', 1070, 1120, 25, 'L', NULL, '0', '1', NULL, NULL);
INSERT INTO fields (field_id, org_id, form_id, field_name, question, field_lookup, field_type, field_class, field_bold, field_italics, field_order, share_line, field_size, label_position, field_fnct, manditory, show, tab, details) VALUES (93, 0, 1, NULL, 'Name of legal guardian if not parent(s)', NULL, 'TEXTFIELD', NULL, '0', '0', 930, NULL, 25, 'L', NULL, '0', '1', 'Family', NULL);
INSERT INTO fields (field_id, org_id, form_id, field_name, question, field_lookup, field_type, field_class, field_bold, field_italics, field_order, share_line, field_size, label_position, field_fnct, manditory, show, tab, details) VALUES (636, 0, 17, NULL, 'ACTION TAKEN BY THE DEAN OF THE SCHOOL', NULL, 'TITLE', NULL, '0', '0', 180, NULL, 25, 'L', NULL, '0', '1', NULL, NULL);
INSERT INTO fields (field_id, org_id, form_id, field_name, question, field_lookup, field_type, field_class, field_bold, field_italics, field_order, share_line, field_size, label_position, field_fnct, manditory, show, tab, details) VALUES (90, 0, 1, 'mnationalityid', 'Nationality', 'SELECT sys_country_id,sys_country_name FROM sys_countrys;', 'SELECT', NULL, '0', '0', 900, NULL, 25, 'L', NULL, '0', '1', 'Family', NULL);
INSERT INTO fields (field_id, org_id, form_id, field_name, question, field_lookup, field_type, field_class, field_bold, field_italics, field_order, share_line, field_size, label_position, field_fnct, manditory, show, tab, details) VALUES (35, 0, 1, 'smoke', 'Do you smoke?', 'No#Yes', 'LIST', NULL, '0', '0', 420, NULL, 25, 'L', NULL, '0', '1', NULL, NULL);
INSERT INTO fields (field_id, org_id, form_id, field_name, question, field_lookup, field_type, field_class, field_bold, field_italics, field_order, share_line, field_size, label_position, field_fnct, manditory, show, tab, details) VALUES (250, 0, 1, 'drink', 'Do you Drink alcohol?', 'No#Yes', 'LIST', NULL, '0', '0', 425, NULL, 25, 'L', NULL, '0', '1', NULL, NULL);
INSERT INTO fields (field_id, org_id, form_id, field_name, question, field_lookup, field_type, field_class, field_bold, field_italics, field_order, share_line, field_size, label_position, field_fnct, manditory, show, tab, details) VALUES (26, 0, 1, 'personalhealth', 'Personal Health Information:', 'Excellent#Good#Fair#Poor', 'LIST', NULL, '1', '0', 390, -1, 25, 'L', NULL, '0', '1', NULL, NULL);
INSERT INTO fields (field_id, org_id, form_id, field_name, question, field_lookup, field_type, field_class, field_bold, field_italics, field_order, share_line, field_size, label_position, field_fnct, manditory, show, tab, details) VALUES (1, 0, 1, 'lastname', 'Last name (surname)', NULL, 'TEXTFIELD', NULL, '0', '0', 10, 10, 25, 'L', NULL, '0', '1', NULL, NULL);
INSERT INTO fields (field_id, org_id, form_id, field_name, question, field_lookup, field_type, field_class, field_bold, field_italics, field_order, share_line, field_size, label_position, field_fnct, manditory, show, tab, details) VALUES (4, 0, 1, 'homeaddress', 'Present mailing address', NULL, 'TEXTFIELD', NULL, '0', '0', 40, 40, 25, 'L', NULL, '0', '1', NULL, NULL);
INSERT INTO fields (field_id, org_id, form_id, field_name, question, field_lookup, field_type, field_class, field_bold, field_italics, field_order, share_line, field_size, label_position, field_fnct, manditory, show, tab, details) VALUES (17, 0, 1, 'nationalityid', 'Nationality', 'SELECT sys_country_id,sys_country_name FROM sys_countrys;', 'SELECT', NULL, '0', '0', 170, 170, 25, 'L', NULL, '0', '1', NULL, NULL);
INSERT INTO fields (field_id, org_id, form_id, field_name, question, field_lookup, field_type, field_class, field_bold, field_italics, field_order, share_line, field_size, label_position, field_fnct, manditory, show, tab, details) VALUES (18, 0, 1, 'citizenshipid', 'Citizenship', 'SELECT sys_country_id,sys_country_name FROM sys_countrys;', 'SELECT', NULL, '0', '0', 180, 170, 25, 'L', NULL, '0', '1', NULL, NULL);
INSERT INTO fields (field_id, org_id, form_id, field_name, question, field_lookup, field_type, field_class, field_bold, field_italics, field_order, share_line, field_size, label_position, field_fnct, manditory, show, tab, details) VALUES (19, 0, 1, 'residenceid', 'Country of Residence', 'SELECT sys_country_id,sys_country_name FROM sys_countrys;', 'SELECT', NULL, '0', '0', 190, 170, 25, 'L', NULL, '0', '1', NULL, NULL);
INSERT INTO fields (field_id, org_id, form_id, field_name, question, field_lookup, field_type, field_class, field_bold, field_italics, field_order, share_line, field_size, label_position, field_fnct, manditory, show, tab, details) VALUES (21, 0, 1, 'firstlanguage', 'What is your first language?', NULL, 'TEXTFIELD', NULL, '0', '0', 210, 210, 25, 'L', NULL, '0', '1', NULL, NULL);
INSERT INTO fields (field_id, org_id, form_id, field_name, question, field_lookup, field_type, field_class, field_bold, field_italics, field_order, share_line, field_size, label_position, field_fnct, manditory, show, tab, details) VALUES (23, 0, 1, 'denominationid', 'Religious Affiliation', 'SELECT denominationid,denominationname FROM denominations;', 'SELECT', NULL, '0', '0', 230, 230, 25, 'L', NULL, '0', '1', NULL, NULL);
INSERT INTO fields (field_id, org_id, form_id, field_name, question, field_lookup, field_type, field_class, field_bold, field_italics, field_order, share_line, field_size, label_position, field_fnct, manditory, show, tab, details) VALUES (71, 0, 1, 'majorid', 'Course/major field of study for which you are applying', 'SELECT majorid,majorname FROM majors;', 'SELECT', NULL, '0', '0', 270, NULL, 25, 'L', NULL, '0', '1', 'Education', NULL);
INSERT INTO fields (field_id, org_id, form_id, field_name, question, field_lookup, field_type, field_class, field_bold, field_italics, field_order, share_line, field_size, label_position, field_fnct, manditory, show, tab, details) VALUES (69, 0, 1, 'apply_trimester', 'Trimester for which you are applying', '1st semester August# 2nd semester March', 'LIST', NULL, '0', '0', 260, NULL, 25, 'L', NULL, '0', '1', 'Education', NULL);
INSERT INTO fields (field_id, org_id, form_id, field_name, question, field_lookup, field_type, field_class, field_bold, field_italics, field_order, share_line, field_size, label_position, field_fnct, manditory, show, tab, details) VALUES (251, 0, 1, 'drugs', 'Do Use addictive drugs?', 'No#Yes', 'LIST', NULL, '0', '0', 430, NULL, 25, 'L', NULL, '0', '1', NULL, NULL);
INSERT INTO fields (field_id, org_id, form_id, field_name, question, field_lookup, field_type, field_class, field_bold, field_italics, field_order, share_line, field_size, label_position, field_fnct, manditory, show, tab, details) VALUES (621, 0, 17, NULL, 'FIRST NAME:', NULL, 'TEXTFIELD', NULL, '0', '0', 30, 20, 25, 'L', NULL, '0', '1', NULL, NULL);
INSERT INTO fields (field_id, org_id, form_id, field_name, question, field_lookup, field_type, field_class, field_bold, field_italics, field_order, share_line, field_size, label_position, field_fnct, manditory, show, tab, details) VALUES (464, 0, 11, NULL, 'Trimester', NULL, 'TEXTFIELD', NULL, '0', '0', 120, 80, 25, 'L', NULL, '0', '1', NULL, NULL);
INSERT INTO fields (field_id, org_id, form_id, field_name, question, field_lookup, field_type, field_class, field_bold, field_italics, field_order, share_line, field_size, label_position, field_fnct, manditory, show, tab, details) VALUES (643, 0, 17, NULL, 'ID No.:', NULL, 'TEXTFIELD', NULL, '0', '0', 250, 240, 25, 'L', NULL, '0', '1', NULL, NULL);
INSERT INTO fields (field_id, org_id, form_id, field_name, question, field_lookup, field_type, field_class, field_bold, field_italics, field_order, share_line, field_size, label_position, field_fnct, manditory, show, tab, details) VALUES (706, 0, 1, NULL, 'If yes, Explain', NULL, 'TEXTFIELD', NULL, '0', '0', 350, NULL, 25, 'L', NULL, '0', '1', NULL, NULL);
INSERT INTO fields (field_id, org_id, form_id, field_name, question, field_lookup, field_type, field_class, field_bold, field_italics, field_order, share_line, field_size, label_position, field_fnct, manditory, show, tab, details) VALUES (453, 0, 11, NULL, 'DIFERRED GRADE(DG) FORM', NULL, 'TITLE', NULL, '0', '0', 10, NULL, 25, 'L', NULL, '0', '1', NULL, NULL);
INSERT INTO fields (field_id, org_id, form_id, field_name, question, field_lookup, field_type, field_class, field_bold, field_italics, field_order, share_line, field_size, label_position, field_fnct, manditory, show, tab, details) VALUES (284, 0, 5, NULL, 'ID NO', NULL, 'TEXTFIELD', NULL, '0', '0', 10, 10, 25, NULL, NULL, '0', '1', NULL, NULL);
INSERT INTO fields (field_id, org_id, form_id, field_name, question, field_lookup, field_type, field_class, field_bold, field_italics, field_order, share_line, field_size, label_position, field_fnct, manditory, show, tab, details) VALUES (633, 0, 17, NULL, 'RE: TRANSFER OF CREDITS', NULL, 'TITLE', NULL, '0', '0', 150, NULL, 25, 'L', NULL, '0', '1', NULL, NULL);
INSERT INTO fields (field_id, org_id, form_id, field_name, question, field_lookup, field_type, field_class, field_bold, field_italics, field_order, share_line, field_size, label_position, field_fnct, manditory, show, tab, details) VALUES (634, 0, 17, NULL, 'PLEASE FIND ATTACHED A COPY OF THE ACADEMIC TRANSCRIPT FROM', NULL, 'TEXTFIELD', NULL, '0', '0', 160, NULL, 25, 'L', NULL, '0', '1', NULL, NULL);
INSERT INTO fields (field_id, org_id, form_id, field_name, question, field_lookup, field_type, field_class, field_bold, field_italics, field_order, share_line, field_size, label_position, field_fnct, manditory, show, tab, details) VALUES (635, 0, 17, NULL, '(UNIVERSITY/COLLEGE) TOGETHER WITH A COPY OF THE COURSE DESCRIPTION(S) FROM THE SAME INSTITUTION, FOR YOUR USE IN EVALUATING THE ENCLOSED ACADEMIC TRANSCRIPT.', NULL, 'TITLE', NULL, '0', '0', 170, NULL, 25, 'L', NULL, '0', '1', NULL, NULL);
INSERT INTO fields (field_id, org_id, form_id, field_name, question, field_lookup, field_type, field_class, field_bold, field_italics, field_order, share_line, field_size, label_position, field_fnct, manditory, show, tab, details) VALUES (642, 0, 17, NULL, 'Name of Dean', NULL, 'TEXTFIELD', NULL, '0', '0', 240, 240, 25, 'L', NULL, '0', '1', NULL, NULL);
INSERT INTO fields (field_id, org_id, form_id, field_name, question, field_lookup, field_type, field_class, field_bold, field_italics, field_order, share_line, field_size, label_position, field_fnct, manditory, show, tab, details) VALUES (290, 0, 5, NULL, 'YEAR', NULL, 'TEXTFIELD', NULL, '0', '0', 70, 40, 25, NULL, NULL, '0', '1', NULL, NULL);
INSERT INTO fields (field_id, org_id, form_id, field_name, question, field_lookup, field_type, field_class, field_bold, field_italics, field_order, share_line, field_size, label_position, field_fnct, manditory, show, tab, details) VALUES (289, 0, 5, NULL, 'SEMESTER', NULL, 'TEXTFIELD', NULL, '0', '0', 60, 40, 25, NULL, NULL, '0', '1', NULL, NULL);
INSERT INTO fields (field_id, org_id, form_id, field_name, question, field_lookup, field_type, field_class, field_bold, field_italics, field_order, share_line, field_size, label_position, field_fnct, manditory, show, tab, details) VALUES (626, 0, 17, NULL, 'TO: THE DEAN', NULL, 'TITLE', NULL, '0', '0', 80, NULL, 25, 'L', NULL, '0', '1', NULL, NULL);
INSERT INTO fields (field_id, org_id, form_id, field_name, question, field_lookup, field_type, field_class, field_bold, field_italics, field_order, share_line, field_size, label_position, field_fnct, manditory, show, tab, details) VALUES (60, 0, 1, 'attendeddate', 'Give dates', NULL, 'DATE', NULL, '0', '0', 330, NULL, 25, 'L', NULL, '0', '1', 'Education', NULL);
INSERT INTO fields (field_id, org_id, form_id, field_name, question, field_lookup, field_type, field_class, field_bold, field_italics, field_order, share_line, field_size, label_position, field_fnct, manditory, show, tab, details) VALUES (13, 0, 1, 'Sex', 'Gender', 'Male# Female', 'LIST', NULL, '0', '0', 130, 130, 25, 'L', NULL, '0', '1', NULL, NULL);
INSERT INTO fields (field_id, org_id, form_id, field_name, question, field_lookup, field_type, field_class, field_bold, field_italics, field_order, share_line, field_size, label_position, field_fnct, manditory, show, tab, details) VALUES (628, 0, 17, NULL, 'NAME OF UNIVERSITY', NULL, 'TITLE', NULL, '0', '0', 100, NULL, 25, 'L', NULL, '0', '1', NULL, NULL);
INSERT INTO fields (field_id, org_id, form_id, field_name, question, field_lookup, field_type, field_class, field_bold, field_italics, field_order, share_line, field_size, label_position, field_fnct, manditory, show, tab, details) VALUES (641, 0, 17, NULL, 'P.O BOX 100000 LODWAR', NULL, 'TITLE', NULL, '0', '0', 230, NULL, 25, 'L', NULL, '0', '1', NULL, NULL);
INSERT INTO fields (field_id, org_id, form_id, field_name, question, field_lookup, field_type, field_class, field_bold, field_italics, field_order, share_line, field_size, label_position, field_fnct, manditory, show, tab, details) VALUES (645, 0, 17, NULL, 'University/college are transferable to University B.', NULL, 'TITLE', NULL, '0', '0', 270, NULL, 25, 'L', NULL, '0', '1', NULL, NULL);
INSERT INTO fields (field_id, org_id, form_id, field_name, question, field_lookup, field_type, field_class, field_bold, field_italics, field_order, share_line, field_size, label_position, field_fnct, manditory, show, tab, details) VALUES (646, 0, 17, NULL, 'UNIVERSITY A TRANSFER CREDIT EVALUATION (OFFICE OF THE REGISTRAR)', NULL, 'TEXTFIELD', NULL, '0', '0', 280, NULL, 85, 'L', NULL, '0', '1', NULL, NULL);
INSERT INTO fields (field_id, org_id, form_id, field_name, question, field_lookup, field_type, field_class, field_bold, field_italics, field_order, share_line, field_size, label_position, field_fnct, manditory, show, tab, details) VALUES (470, 0, 11, NULL, 'DATE', NULL, 'TEXTFIELD', NULL, '0', '0', 180, 170, 25, 'L', NULL, '0', '1', NULL, NULL);
INSERT INTO fields (field_id, org_id, form_id, field_name, question, field_lookup, field_type, field_class, field_bold, field_italics, field_order, share_line, field_size, label_position, field_fnct, manditory, show, tab, details) VALUES (471, 0, 11, NULL, 'Note: The Deans signs only if the Department Chairperson is the instructor or he/she is absent', NULL, 'TITLE', NULL, '0', '0', 190, NULL, 25, 'L', NULL, '0', '1', NULL, NULL);
INSERT INTO fields (field_id, org_id, form_id, field_name, question, field_lookup, field_type, field_class, field_bold, field_italics, field_order, share_line, field_size, label_position, field_fnct, manditory, show, tab, details) VALUES (473, 0, 11, NULL, 'REGISTRARS SIGNATURE', NULL, 'TEXTFIELD', NULL, '0', '0', 210, 210, 25, 'L', NULL, '0', '1', NULL, NULL);
INSERT INTO fields (field_id, org_id, form_id, field_name, question, field_lookup, field_type, field_class, field_bold, field_italics, field_order, share_line, field_size, label_position, field_fnct, manditory, show, tab, details) VALUES (715, 0, 1, NULL, '(Note: Any student who does not reside with parents or spouse is expected to live in one of the campus residence halls.)', NULL, 'TEXT', NULL, '1', '0', 305, NULL, 25, 'L', NULL, '0', '1', NULL, NULL);
INSERT INTO fields (field_id, org_id, form_id, field_name, question, field_lookup, field_type, field_class, field_bold, field_italics, field_order, share_line, field_size, label_position, field_fnct, manditory, show, tab, details) VALUES (707, 0, 1, NULL, 'Have you been convicted of any crime?', 'Yes#No', 'LIST', NULL, '0', '0', 360, NULL, 25, 'L', NULL, '0', '1', NULL, NULL);
INSERT INTO fields (field_id, org_id, form_id, field_name, question, field_lookup, field_type, field_class, field_bold, field_italics, field_order, share_line, field_size, label_position, field_fnct, manditory, show, tab, details) VALUES (302, 0, 5, NULL, '9. Registrar', NULL, 'TEXTFIELD', NULL, '0', '0', 190, NULL, 25, NULL, NULL, '0', '1', NULL, NULL);
INSERT INTO fields (field_id, org_id, form_id, field_name, question, field_lookup, field_type, field_class, field_bold, field_italics, field_order, share_line, field_size, label_position, field_fnct, manditory, show, tab, details) VALUES (296, 0, 5, NULL, 'Total credits', NULL, 'TEXTFIELD', NULL, '0', '0', 130, NULL, 25, NULL, NULL, '0', '1', NULL, NULL);
INSERT INTO fields (field_id, org_id, form_id, field_name, question, field_lookup, field_type, field_class, field_bold, field_italics, field_order, share_line, field_size, label_position, field_fnct, manditory, show, tab, details) VALUES (104, 0, 1, NULL, 'Signature of Applicant', NULL, 'TEXTFIELD', NULL, '0', '0', 1130, NULL, 25, 'L', NULL, '0', '1', NULL, NULL);
INSERT INTO fields (field_id, org_id, form_id, field_name, question, field_lookup, field_type, field_class, field_bold, field_italics, field_order, share_line, field_size, label_position, field_fnct, manditory, show, tab, details) VALUES (47, 0, 1, NULL, 'Have you ever drunk alcohol?', 'No#Yes', 'LIST', NULL, '0', '0', 450, NULL, 25, 'L', NULL, '0', '1', NULL, NULL);
INSERT INTO fields (field_id, org_id, form_id, field_name, question, field_lookup, field_type, field_class, field_bold, field_italics, field_order, share_line, field_size, label_position, field_fnct, manditory, show, tab, details) VALUES (624, 0, 17, NULL, 'MINOR:', 'SELECT majorid,majorname FROM majors;', 'SELECT', NULL, '0', '0', 60, 50, 25, 'L', NULL, '0', '1', NULL, NULL);
INSERT INTO fields (field_id, org_id, form_id, field_name, question, field_lookup, field_type, field_class, field_bold, field_italics, field_order, share_line, field_size, label_position, field_fnct, manditory, show, tab, details) VALUES (622, 0, 17, NULL, 'ID NO.', NULL, 'TEXTFIELD', NULL, '0', '0', 40, 20, 25, 'L', NULL, '0', '1', NULL, NULL);
INSERT INTO fields (field_id, org_id, form_id, field_name, question, field_lookup, field_type, field_class, field_bold, field_italics, field_order, share_line, field_size, label_position, field_fnct, manditory, show, tab, details) VALUES (623, 0, 17, NULL, 'MAJOR(S)', 'SELECT majorid,majorname FROM majors;', 'SELECT', NULL, '0', '0', 50, 50, 25, 'L', NULL, '0', '1', NULL, NULL);
INSERT INTO fields (field_id, org_id, form_id, field_name, question, field_lookup, field_type, field_class, field_bold, field_italics, field_order, share_line, field_size, label_position, field_fnct, manditory, show, tab, details) VALUES (627, 0, 17, NULL, 'SCHOOL OF', NULL, 'TEXTFIELD', NULL, '0', '0', 90, NULL, 25, 'L', NULL, '0', '1', NULL, NULL);
INSERT INTO fields (field_id, org_id, form_id, field_name, question, field_lookup, field_type, field_class, field_bold, field_italics, field_order, share_line, field_size, label_position, field_fnct, manditory, show, tab, details) VALUES (629, 0, 17, NULL, 'P.O BOX 2500', NULL, 'TITLE', NULL, '0', '0', 110, NULL, 25, 'L', NULL, '0', '1', NULL, NULL);
INSERT INTO fields (field_id, org_id, form_id, field_name, question, field_lookup, field_type, field_class, field_bold, field_italics, field_order, share_line, field_size, label_position, field_fnct, manditory, show, tab, details) VALUES (630, 0, 17, NULL, 'ELDORET', NULL, 'TITLE', NULL, '0', '0', 120, NULL, 25, 'L', NULL, '0', '1', NULL, NULL);
INSERT INTO fields (field_id, org_id, form_id, field_name, question, field_lookup, field_type, field_class, field_bold, field_italics, field_order, share_line, field_size, label_position, field_fnct, manditory, show, tab, details) VALUES (631, 0, 17, NULL, 'FROM: REGISTRAR', NULL, 'TITLE', NULL, '0', '0', 130, NULL, 25, 'L', NULL, '0', '1', NULL, NULL);
INSERT INTO fields (field_id, org_id, form_id, field_name, question, field_lookup, field_type, field_class, field_bold, field_italics, field_order, share_line, field_size, label_position, field_fnct, manditory, show, tab, details) VALUES (54, 0, 1, NULL, NULL, NULL, 'SUBGRID', NULL, '0', '0', 315, -1, 85, 'L', NULL, '0', '1', 'Education', NULL);
INSERT INTO fields (field_id, org_id, form_id, field_name, question, field_lookup, field_type, field_class, field_bold, field_italics, field_order, share_line, field_size, label_position, field_fnct, manditory, show, tab, details) VALUES (65, 0, 1, NULL, NULL, NULL, 'SUBGRID', NULL, '0', '0', 320, -1, 85, 'L', NULL, '0', '1', 'Education', NULL);
INSERT INTO fields (field_id, org_id, form_id, field_name, question, field_lookup, field_type, field_class, field_bold, field_italics, field_order, share_line, field_size, label_position, field_fnct, manditory, show, tab, details) VALUES (57, 0, 1, 'attendedueab', 'Have you ever attended the (Name of University) before?', 'No#Yes', 'LIST', NULL, '0', '0', 325, NULL, 25, 'L', NULL, '0', '1', 'Education', NULL);
INSERT INTO fields (field_id, org_id, form_id, field_name, question, field_lookup, field_type, field_class, field_bold, field_italics, field_order, share_line, field_size, label_position, field_fnct, manditory, show, tab, details) VALUES (719, 0, 1, NULL, 'What campus will you be attending?', 'Main#Nairobi#Eldoret', 'LIST', NULL, '0', '0', 290, NULL, 25, 'L', NULL, '0', '1', NULL, NULL);
INSERT INTO fields (field_id, org_id, form_id, field_name, question, field_lookup, field_type, field_class, field_bold, field_italics, field_order, share_line, field_size, label_position, field_fnct, manditory, show, tab, details) VALUES (295, 0, 5, NULL, '3. I wish to DROP the following class(es)', NULL, 'TABLE', NULL, '0', '0', 120, NULL, 85, NULL, NULL, '0', '1', NULL, NULL);
INSERT INTO fields (field_id, org_id, form_id, field_name, question, field_lookup, field_type, field_class, field_bold, field_italics, field_order, share_line, field_size, label_position, field_fnct, manditory, show, tab, details) VALUES (716, 0, 1, NULL, 'Year', NULL, 'TEXTFIELD', NULL, '0', '0', 265, 690, 25, 'L', NULL, '0', '1', NULL, NULL);
INSERT INTO fields (field_id, org_id, form_id, field_name, question, field_lookup, field_type, field_class, field_bold, field_italics, field_order, share_line, field_size, label_position, field_fnct, manditory, show, tab, details) VALUES (299, 0, 5, NULL, '6. With this change my load credit hours will be', NULL, 'TEXTFIELD', NULL, '0', '0', 160, NULL, 25, NULL, NULL, '0', '1', NULL, NULL);
INSERT INTO fields (field_id, org_id, form_id, field_name, question, field_lookup, field_type, field_class, field_bold, field_italics, field_order, share_line, field_size, label_position, field_fnct, manditory, show, tab, details) VALUES (300, 0, 5, NULL, '7. School Deans signature for overload', NULL, 'TEXTFIELD', NULL, '0', '0', 170, NULL, 25, NULL, NULL, '0', '1', NULL, NULL);
INSERT INTO fields (field_id, org_id, form_id, field_name, question, field_lookup, field_type, field_class, field_bold, field_italics, field_order, share_line, field_size, label_position, field_fnct, manditory, show, tab, details) VALUES (100, 0, 1, NULL, 'If Yes, give name and address of employer', NULL, 'TEXTFIELD', NULL, '0', '0', 1000, NULL, 25, 'L', NULL, '0', '1', 'Family', NULL);
INSERT INTO fields (field_id, org_id, form_id, field_name, question, field_lookup, field_type, field_class, field_bold, field_italics, field_order, share_line, field_size, label_position, field_fnct, manditory, show, tab, details) VALUES (94, 0, 1, NULL, 'Address of Parent(s) or Guardian(s)', NULL, 'TEXTFIELD', NULL, '0', '0', 940, NULL, 25, 'L', NULL, '0', '1', 'Family', NULL);
INSERT INTO fields (field_id, org_id, form_id, field_name, question, field_lookup, field_type, field_class, field_bold, field_italics, field_order, share_line, field_size, label_position, field_fnct, manditory, show, tab, details) VALUES (639, 0, 17, NULL, 'FROM: DEAN, SCHOOL OF', NULL, 'TEXTFIELD', NULL, '0', '0', 210, NULL, 25, 'L', NULL, '0', '1', NULL, NULL);
INSERT INTO fields (field_id, org_id, form_id, field_name, question, field_lookup, field_type, field_class, field_bold, field_italics, field_order, share_line, field_size, label_position, field_fnct, manditory, show, tab, details) VALUES (625, 0, 17, NULL, 'YEAR OF GRADUATION', NULL, 'TEXTFIELD', NULL, '0', '0', 70, NULL, 25, 'L', NULL, '0', '1', NULL, NULL);
INSERT INTO fields (field_id, org_id, form_id, field_name, question, field_lookup, field_type, field_class, field_bold, field_italics, field_order, share_line, field_size, label_position, field_fnct, manditory, show, tab, details) VALUES (638, 0, 17, NULL, 'P.O BOX 10000 LODWAR', NULL, 'TITLE', NULL, '0', '0', 200, NULL, 25, 'L', NULL, '0', '1', NULL, NULL);
INSERT INTO fields (field_id, org_id, form_id, field_name, question, field_lookup, field_type, field_class, field_bold, field_italics, field_order, share_line, field_size, label_position, field_fnct, manditory, show, tab, details) VALUES (3, 0, 1, 'middlename', 'Middle name', NULL, 'TEXTFIELD', NULL, '0', '0', 30, 10, 25, 'L', NULL, '0', '1', NULL, NULL);
INSERT INTO fields (field_id, org_id, form_id, field_name, question, field_lookup, field_type, field_class, field_bold, field_italics, field_order, share_line, field_size, label_position, field_fnct, manditory, show, tab, details) VALUES (620, 0, 17, NULL, 'LAST NAME:', NULL, 'TEXTFIELD', NULL, '0', '0', 20, 20, 25, 'L', NULL, '0', '1', NULL, NULL);
INSERT INTO fields (field_id, org_id, form_id, field_name, question, field_lookup, field_type, field_class, field_bold, field_italics, field_order, share_line, field_size, label_position, field_fnct, manditory, show, tab, details) VALUES (718, 0, 1, NULL, 'NOTIFICATION OF ACCEPTANCE: Students are expected to comply with the information given in the admission letter. Please consult the Registrar for clarification. International students must comply with the Kenya Immigration regulations.', NULL, 'TEXT', NULL, '0', '0', 1150, NULL, 25, 'L', NULL, '0', '1', NULL, NULL);
INSERT INTO fields (field_id, org_id, form_id, field_name, question, field_lookup, field_type, field_class, field_bold, field_italics, field_order, share_line, field_size, label_position, field_fnct, manditory, show, tab, details) VALUES (79, 0, 1, 'campusresidence', 'Hostel', 'Campus Residence Halls#Off Campus#Faculty/Staff Home', 'LIST', NULL, '0', '0', 300, NULL, 25, 'L', NULL, '0', '1', 'Education', NULL);
INSERT INTO fields (field_id, org_id, form_id, field_name, question, field_lookup, field_type, field_class, field_bold, field_italics, field_order, share_line, field_size, label_position, field_fnct, manditory, show, tab, details) VALUES (103, 0, 1, NULL, '<b>Applicants commitment:</b> I certify that to the best of my knowledge, the above information is complete and true. I promise that if accepted I will cooperate in following the rules of the University and respect the principles of the institution as they are set forth in the STUDENT HANDBOOK and any other that is communicated by the university.', NULL, 'TEXT', NULL, '0', '0', 1120, NULL, 25, 'L', NULL, '0', '1', NULL, NULL);
INSERT INTO fields (field_id, org_id, form_id, field_name, question, field_lookup, field_type, field_class, field_bold, field_italics, field_order, share_line, field_size, label_position, field_fnct, manditory, show, tab, details) VALUES (637, 0, 17, NULL, 'TO: REGISTRAR (NAME OF UNIVERSITY)', NULL, 'TITLE', NULL, '0', '0', 190, NULL, 25, 'L', NULL, '0', '1', NULL, NULL);
INSERT INTO fields (field_id, org_id, form_id, field_name, question, field_lookup, field_type, field_class, field_bold, field_italics, field_order, share_line, field_size, label_position, field_fnct, manditory, show, tab, details) VALUES (644, 0, 17, NULL, 'And I am pleased to state that the credits on the University A transfer form from', NULL, 'TEXTFIELD', NULL, '0', '0', 260, NULL, 25, 'L', NULL, '0', '1', NULL, NULL);

SELECT pg_catalog.setval('fields_field_id_seq', 728, true);


INSERT INTO sub_fields (sub_field_id, org_id, field_id, sub_field_order, sub_title_share, sub_field_type, sub_field_lookup, sub_field_size, sub_col_spans, manditory, show, question) VALUES (7, 0, 295, 1, NULL, 'TEXTFIELD', NULL, 5, 1, '0', '0', 'Course Abbr');
INSERT INTO sub_fields (sub_field_id, org_id, field_id, sub_field_order, sub_title_share, sub_field_type, sub_field_lookup, sub_field_size, sub_col_spans, manditory, show, question) VALUES (8, 0, 295, 2, NULL, 'TEXTFIELD', NULL, 5, 1, '0', '0', 'Section');
INSERT INTO sub_fields (sub_field_id, org_id, field_id, sub_field_order, sub_title_share, sub_field_type, sub_field_lookup, sub_field_size, sub_col_spans, manditory, show, question) VALUES (9, 0, 295, 3, NULL, 'TEXTFIELD', NULL, 5, 1, '0', '0', 'Credits');
INSERT INTO sub_fields (sub_field_id, org_id, field_id, sub_field_order, sub_title_share, sub_field_type, sub_field_lookup, sub_field_size, sub_col_spans, manditory, show, question) VALUES (10, 0, 295, 4, NULL, 'TEXTFIELD', NULL, 5, 1, '0', '0', 'Audits');
INSERT INTO sub_fields (sub_field_id, org_id, field_id, sub_field_order, sub_title_share, sub_field_type, sub_field_lookup, sub_field_size, sub_col_spans, manditory, show, question) VALUES (11, 0, 295, 5, NULL, 'TEXTFIELD', NULL, 5, 1, '0', '0', 'Course Title');
INSERT INTO sub_fields (sub_field_id, org_id, field_id, sub_field_order, sub_title_share, sub_field_type, sub_field_lookup, sub_field_size, sub_col_spans, manditory, show, question) VALUES (426, 0, 54, 2, NULL, 'LIST', 'Primary School#Secondary School#High School#College#University', 5, 1, '0', '0', 'Level');
INSERT INTO sub_fields (sub_field_id, org_id, field_id, sub_field_order, sub_title_share, sub_field_type, sub_field_lookup, sub_field_size, sub_col_spans, manditory, show, question) VALUES (36, 0, 54, 3, NULL, 'DATEFIELD', NULL, 5, 1, '0', '0', 'Dates of Attendance');
INSERT INTO sub_fields (sub_field_id, org_id, field_id, sub_field_order, sub_title_share, sub_field_type, sub_field_lookup, sub_field_size, sub_col_spans, manditory, show, question) VALUES (408, 0, 646, 2, NULL, 'TEXTFIELD', NULL, 5, 1, '0', '0', 'GRADE');
INSERT INTO sub_fields (sub_field_id, org_id, field_id, sub_field_order, sub_title_share, sub_field_type, sub_field_lookup, sub_field_size, sub_col_spans, manditory, show, question) VALUES (409, 0, 646, 3, NULL, 'TEXTFIELD', NULL, 5, 1, '0', '0', 'CR.');
INSERT INTO sub_fields (sub_field_id, org_id, field_id, sub_field_order, sub_title_share, sub_field_type, sub_field_lookup, sub_field_size, sub_col_spans, manditory, show, question) VALUES (411, 0, 646, 5, NULL, 'TEXTFIELD', NULL, 5, 1, '0', '0', 'CR');
INSERT INTO sub_fields (sub_field_id, org_id, field_id, sub_field_order, sub_title_share, sub_field_type, sub_field_lookup, sub_field_size, sub_col_spans, manditory, show, question) VALUES (412, 0, 646, 6, NULL, 'TEXTFIELD', NULL, 5, 1, '0', '0', 'APPROVED');
INSERT INTO sub_fields (sub_field_id, org_id, field_id, sub_field_order, sub_title_share, sub_field_type, sub_field_lookup, sub_field_size, sub_col_spans, manditory, show, question) VALUES (413, 0, 646, 7, NULL, 'TEXTFIELD', NULL, 5, 1, '0', '0', 'HOD SIGN');
INSERT INTO sub_fields (sub_field_id, org_id, field_id, sub_field_order, sub_title_share, sub_field_type, sub_field_lookup, sub_field_size, sub_col_spans, manditory, show, question) VALUES (407, 0, 646, 1, NULL, 'SELECT', 'SELECT majorid, majorname FROM majors;', 5, 1, '0', '0', '(UNIVERSITY/COLLEGE) COURSE CODE AND TITLE');
INSERT INTO sub_fields (sub_field_id, org_id, field_id, sub_field_order, sub_title_share, sub_field_type, sub_field_lookup, sub_field_size, sub_col_spans, manditory, show, question) VALUES (410, 0, 646, 4, NULL, 'TEXTFIELD', NULL, 5, 1, '0', '0', '(UEAB EQUIVALENT) COURSE CODE AND TITLE');
INSERT INTO sub_fields (sub_field_id, org_id, field_id, sub_field_order, sub_title_share, sub_field_type, sub_field_lookup, sub_field_size, sub_col_spans, manditory, show, question) VALUES (39, 0, 65, 3, NULL, 'TEXTFIELD', NULL, 5, 1, '0', '0', 'Start Date');
INSERT INTO sub_fields (sub_field_id, org_id, field_id, sub_field_order, sub_title_share, sub_field_type, sub_field_lookup, sub_field_size, sub_col_spans, manditory, show, question) VALUES (427, 0, 65, 4, NULL, 'TEXTFIELD', NULL, 5, 1, '0', '0', 'End Date');
INSERT INTO sub_fields (sub_field_id, org_id, field_id, sub_field_order, sub_title_share, sub_field_type, sub_field_lookup, sub_field_size, sub_col_spans, manditory, show, question) VALUES (6, 0, 293, 6, NULL, 'TEXTFIELD', NULL, 5, 1, '0', '0', 'Instructor''s  Signature');
INSERT INTO sub_fields (sub_field_id, org_id, field_id, sub_field_order, sub_title_share, sub_field_type, sub_field_lookup, sub_field_size, sub_col_spans, manditory, show, question) VALUES (12, 0, 295, 6, NULL, 'TEXTFIELD', NULL, 5, 1, '0', '0', 'Instructor''s  Signature');
INSERT INTO sub_fields (sub_field_id, org_id, field_id, sub_field_order, sub_title_share, sub_field_type, sub_field_lookup, sub_field_size, sub_col_spans, manditory, show, question) VALUES (1, 0, 293, 1, NULL, 'TEXTFIELD', NULL, 5, 1, '0', '0', 'Course Abbr');
INSERT INTO sub_fields (sub_field_id, org_id, field_id, sub_field_order, sub_title_share, sub_field_type, sub_field_lookup, sub_field_size, sub_col_spans, manditory, show, question) VALUES (2, 0, 293, 2, NULL, 'TEXTFIELD', NULL, 5, 1, '0', '0', 'Course');
INSERT INTO sub_fields (sub_field_id, org_id, field_id, sub_field_order, sub_title_share, sub_field_type, sub_field_lookup, sub_field_size, sub_col_spans, manditory, show, question) VALUES (3, 0, 293, 3, NULL, 'TEXTFIELD', NULL, 5, 1, '0', '0', 'Credit');
INSERT INTO sub_fields (sub_field_id, org_id, field_id, sub_field_order, sub_title_share, sub_field_type, sub_field_lookup, sub_field_size, sub_col_spans, manditory, show, question) VALUES (4, 0, 293, 4, NULL, 'TEXTFIELD', NULL, 5, 1, '0', '0', 'Audits');
INSERT INTO sub_fields (sub_field_id, org_id, field_id, sub_field_order, sub_title_share, sub_field_type, sub_field_lookup, sub_field_size, sub_col_spans, manditory, show, question) VALUES (5, 0, 293, 5, NULL, 'TEXTFIELD', NULL, 5, 1, '0', '0', 'Course Title');
INSERT INTO sub_fields (sub_field_id, org_id, field_id, sub_field_order, sub_title_share, sub_field_type, sub_field_lookup, sub_field_size, sub_col_spans, manditory, show, question) VALUES (35, 0, 54, 1, NULL, 'TEXTFIELD', NULL, 5, 1, '0', '0', 'Name of School');
INSERT INTO sub_fields (sub_field_id, org_id, field_id, sub_field_order, sub_title_share, sub_field_type, sub_field_lookup, sub_field_size, sub_col_spans, manditory, show, question) VALUES (37, 0, 65, 1, NULL, 'TEXTFIELD', NULL, 5, 1, '0', '0', 'Employer');
INSERT INTO sub_fields (sub_field_id, org_id, field_id, sub_field_order, sub_title_share, sub_field_type, sub_field_lookup, sub_field_size, sub_col_spans, manditory, show, question) VALUES (38, 0, 65, 2, NULL, 'TEXTFIELD', NULL, 5, 1, '0', '0', 'Position held/type');
INSERT INTO sub_fields (sub_field_id, org_id, field_id, sub_field_order, sub_title_share, sub_field_type, sub_field_lookup, sub_field_size, sub_col_spans, manditory, show, question) VALUES (40, 0, 101, 1, NULL, 'TEXTFIELD', NULL, 5, 1, '0', '0', 'Name');
INSERT INTO sub_fields (sub_field_id, org_id, field_id, sub_field_order, sub_title_share, sub_field_type, sub_field_lookup, sub_field_size, sub_col_spans, manditory, show, question) VALUES (41, 0, 101, 2, NULL, 'TEXTFIELD', NULL, 5, 1, '0', '0', 'Address of Referee');



SELECT pg_catalog.setval('sub_fields_sub_field_id_seq', 429, true);




